Symbol,ETF
AACB,0
AACO,0
AAPG,0
ABCB,0
ABEO,0
ACAD,0
ACGL,0
ACHV,0
ACN,0
ACRS,0
ACTG,0
ADSK,0
ADX,0
A,0
AAON,0
AAP,0
ABVX,0
ACAA,0
ACIU,0
AEIS,0
AEO,0
AGIO,0
AGM.A,0
AGM.PH,0
AGMH,0
AGRZ,0
AHG,0
AHRT,0
AACI,0
AACP,0
AAL,0
ABLV,0
ABSI,0
ABTC,0
ABVC,0
ACA,0
ACEL,0
ACFN,0
AAC.U,0
AAT,0
ABBV,0
ABCL,0
ABNB,0
ABTS,0
ACCO,0
ACIC,0
ACM,0
ACNB,0
ACON,0
AA,0
AAMI,0
ACCL,0
ACGC,0
ACHC,0
ACI,0
ACMR,0
ADEA,0
AAOI,0
AARD,0
AB,0
ABG,0
ABR,0
ABT,0
ABAT,0
ABEV,0
ABUS,0
ACNT,0
ACT,0
ACVA,0
ACOG,0
ACP,0
ADI,0
ADUS,0
ADVB,0
AEBI,0
AEE,0
AIFC,0
AIHS,0
AIOT,0
AIRT,0
AKAN,0
ALAR,0
ALB,0
ALGN,0
ACR,0
ACRV,0
ADCT,0
ADP,0
ADV,0
AEM,0
AFL,0
AGCC,0
AGEN,0
AGG,1
ACHR,0
ACV,0
AEI,0
AFG,0
AFRM,0
ADGM,0
ADIL,0
ADNT,0
ADTN,0
AEAQ,0
AEG,0
AEVA,0
AFCG,0
ACIW,0
ACTU,0
ACU,0
ADAM,0
ADBE,0
ADSE,0
ADXN,0
AEHR,0
AES,0
ADM,0
ADPT,0
AEMD,0
AER,0
AEYE,0
AGO,0
AIFF,0
AIFU,0
AIM,0
AIN,0
AIRS,0
AKR,0
ALCO,0
ALEC,0
ALFUU,0
ALG,0
ALGT,0
ALIS,0
ALLE,0
AEF,0
AENT,0
AEON,0
AEP,0
AERO,0
AERT,0
AFJK,0
AFRI,0
AFYA,0
AGCO,0
AGBK,0
AGD,0
AGM.PE,0
AGM.PG,0
AHR,0
AIIA,0
AGL,0
AGM.PI,0
AGNC,0
AIFA,0
AESI,0
AEXA,0
AFB,0
AFBI,0
AGIG,0
AGRO,0
AIIO,0
AIIR,0
ALRS,0
AMCR,0
AMN,0
AMOD,0
AMSC,0
AMTM,0
AMZE,0
ANGO,0
AGMB,0
AGX,0
AHMA,0
AHT,0
AIB,0
AIDX,0
AIMD,0
AIXC,0
AJG,0
AKBA,0
AIO,0
AIOS,0
AIP,0
AIR,0
AIRJ,0
AISP,0
AIV,0
AKTS,0
ALAB,0
ALBT,0
ALGM,0
ANIX,0
ANRO,0
APA,0
APM,0
ARAY,0
ARCL,0
AREB,0
AREN,0
ARI,0
ALK,0
ALLO,0
ALLY,0
ALPXU,0
AME,0
AMLX,0
AMR,0
AMX,0
AMZD,1
ANGX,0
ALH,0
ALKS,0
ALKT,0
ALLT,0
ALOV,0
ALVO,0
ALX,0
AMAN,0
AMBO,0
AMDL,1
AMH,0
AMPG,0
AGM,0
AGM.PD,0
AGNT,0
AGYS,0
AII,0
AIRO,0
AIT,0
AIZ,0
AKTX,0
ALDX,0
ALF,0
AMRN,0
AMSF,0
ANDG,0
AOUT,0
APEI,0
APG,0
APLD,0
APLM,0
ARBK,0
ALMU,0
ALNY,0
ALOT,0
ALP,0
AMAL,0
AMBA,0
AMBQ,0
AMG,0
AMGN,0
ARKR,0
ARM,0
ARRY,0
ASA,0
ASML,0
ATAI,0
ATGL,0
ATHM,0
ATHR,0
AUNA,0
AUR,0
AUST,0
AVEX,0
AXG,0
AXP,0
AZI,0
AZZ,0
BABA,0
BAH,0
BAOS,0
BBGI,0
BC,0
BDN,0
BFRI,0
BGL,0
BH,0
BHE,0
AMPH,0
AN,0
ANIP,0
ANVS,0
AON,0
AORT,0
APD,0
APLE,0
BIL,1
BKNG,0
BLCO,0
BLK,0
BLKB,0
APP,0
APPF,0
APUR,0
APYX,0
ARMK,0
ARMP,0
ARTC,0
ARCT,0
ARDC,0
ARLP,0
AROW,0
ARQT,0
AS,0
ASAN,0
ALHC,0
ALIT,0
ALOY,0
ALTI,0
AMC,0
AMIX,0
AMRX,0
AMRZ,0
AMST,0
AMTX,0
AMWL,0
ARTW,0
ASTH,0
ATEN,0
ATER,0
AUPH,0
AURA,0
AVAV,0
AVB,0
ANPA,0
AOD,0
AP,0
APC,0
APH,0
APT,0
APTV,0
APVO,0
AQST,0
ARAI,0
ARCO,0
AREC,0
AIRE,0
AIRI,0
ALL,0
ALLR,0
ALTO,0
ALZN,0
AMBR,0
AMCX,0
AMP,0
ASIC,0
ASR,0
ATAT,0
ATCH,0
ATI,0
ATII,0
ATPC,0
ATRO,0
AU,0
AKO.A,0
ALDF,0
ALNT,0
ALPS,0
ALUB,0
ALXO,0
AM,0
AMAT,0
AMBP,0
AMCI,0
AMD,0
AMPL,0
BLUW,0
BME,0
BMI,0
BMRC,0
BNC,0
BND,1
BNKK,0
BNR,0
BOLD,0
BORR,0
BOTJ,0
BPRN,0
AMPY,0
AMTB,0
ANIK,0
ANNA,0
ANNX,0
ANTA,0
AOMR,0
APGE,0
APPN,0
ARKG,1
ARW,0
ASH,0
ASMB,0
ASPI,0
ASPN,0
ASRV,0
ASTS,0
ASX,0
ATLX,0
AACG,0
AADX,0
AAME,0
AAPL,0
ABM,0
ABOS,0
ABX,0
ACCS,0
AVBC,0
AVBP,0
AVIR,0
AVR,0
AVTX,0
AXIL,0
AYTU,0
BACC,0
AMPX,0
AMT,0
AMZN,0
ANAB,0
ANDE,0
ANET,0
ANL,0
ANSC,0
ANSCU,0
ANTX,0
ANY,0
APAM,0
API,0
APMC,0
APO,0
APUS,0
APWC,0
AQMS,0
ARCI,0
ARHS,0
AVLN,0
AVT,0
AXIN,0
AXSM,0
B,0
BANC,0
BAYA,0
BRCB,0
BRCC,0
BRNS,0
BRTX,0
BRW,0
BSIN,0
BST,0
BAM,0
BAP,0
BAX,0
BBOT,0
BBW,0
BBWI,0
BCAL,0
BCAX,0
ATNI,0
AUGO,0
AVAH,0
AVK,0
AVNT,0
AWI,0
AX,0
AZN,0
AOS,0
AOSL,0
APAC,0
AR,0
ARCB,0
ARDT,0
ARGX,0
ARTNA,0
ARWR,0
ARX,0
ASB,0
ASC,0
ASO,0
ASPS,0
ASST,0
ASTL,0
ASUR,0
ATNM,0
BBAR,0
BBVA,0
BCAT,0
BCDA,0
BDL,0
BDRY,1
BDSX,0
BEKE,0
BEPC,0
APXT,0
ARBE,0
ARCC,0
ARDX,0
ARQQ,0
ARTL,0
ASG,0
ASIX,0
ARKK,1
ARL,0
ARLO,0
AROC,0
ARQ,0
ARVN,0
ASHR,1
ASLE,0
ASTC,0
ASTE,0
BCG,0
BDRX,0
BEBE,0
BELFB,0
BFC,0
BGC,0
ATO,0
ATR,0
ATRA,0
ATRC,0
ATXG,0
AUID,0
AURE,0
AUUD,0
AVAL,0
AVD,0
AVGO,0
BF.B,0
BFAM,0
BFRG,0
BHAV,0
BHF,0
BIDU,0
BAI,1
BATRA,0
BBD,0
BBDC,0
BBIO,0
BBSI,0
BCAB,0
ATCX,0
ATLC,0
ATOS,0
AUC,0
AVA,0
AVEM,1
AVPT,0
BHK,0
BILI,0
BKHA,0
BKTI,0
BKU,0
BKYI,0
BL,0
BLNE,0
ASM,0
ASND,0
ASTI,0
ASYS,0
ATEX,0
ATYR,0
AUB,0
AUBN,0
AVNW,0
AVO,0
AVTR,0
AVY,0
AWX,0
AXON,0
AZTA,0
AZTR,0
BIIB,0
BIOA,0
BIOX,0
BIRK,0
BITO,1
BKKT,0
AWF,0
AWK,0
AWR,0
AXGN,0
AXIA,0
AXS,0
AXTI,0
BA,0
BAFN,0
BALL,0
BTCS,0
BTT,0
BUI,0
BVN,0
BWMN,0
BYSI,0
BMA,0
BMGL,0
BMHL,0
BMO,0
BOBS,0
BON,0
AVNS,0
AVX,0
AWP,0
AYI,0
BAER,0
BAK,0
BANL,0
BBCP,0
BBN,0
BBY,0
BCAR,0
BZH,0
CAKE,0
CALM,0
CAR,0
CARR,0
CBK,0
CBLL,0
CBRL,0
BAND,0
BANX,0
BATRK,0
BB,0
BBAI,0
BBBY,0
BBNX,0
BCE,0
BCIC,0
BCSS,0
BEAG,0
BESS,0
BFH,0
BOSC,0
BOX,0
BRKR,0
BRLT,0
BRSL,0
BSET,0
BANR,0
BATL,0
BBCQ,0
BBLNF,0
BBT,0
BCBP,0
BCML,0
BCPC,0
BCV,0
BKT,0
BLFS,0
BLND,0
BLTE,0
BMEZ,0
BN,0
BOLT,0
BP,0
BCO,0
BCRX,0
BCX,0
BDTX,0
BDX,0
BE,0
BETR,0
CBRS,0
CCEC,0
CELC,0
CEPS,0
CEVA,0
CFFN,0
CFND,0
BGIN,0
BGR,0
BH.A,0
BHB,0
BHM,0
BHRB,0
BHVN,0
BIDWU,0
BSL,0
BSM,0
BSP,0
BSRR,0
BSX,0
BTAI,0
BTMD,0
BTX,0
BDJ,0
BDMD,0
BEEP,0
BEN,0
BF.A,0
BGB,0
BGH,0
BGX,0
BCH,0
BCS,0
BCYC,0
BDCI,0
BEAM,0
BENF,0
BSVN,0
BTO,0
BTOG,0
BTZ,0
BUSE,0
BVFL,0
BWAY,0
BWIV,0
BWXT,0
BYD,0
BYRN,0
BZ,0
BIVI,0
BKD,0
BLIV,0
BMNR,0
BFST,0
BGY,0
BHR,0
BILL,0
BIO,0
BFS,0
BGDE,0
BGI,0
BGLC,0
BGM,0
BGSF,0
BHC,0
BHP,0
BHV,0
BIO.B,0
BIRD,0
BIAF,0
BIII,0
BIT,0
BIYA,0
BKSY,0
BLDP,0
BLNK,0
BLRK,0
BLRX,0
BMR,0
CHEF,0
CHMG,0
CHMI,0
CHSCN,0
CHSN,0
CIBR,1
BUUU,0
BXC,0
CACI,0
CAI,0
CARG,0
CBAN,0
CBL,0
CCHH,0
CCL,0
CCLD,0
CDNL,0
BZUN,0
CAAP,0
CAC,0
CAES,0
CAPL,0
CAPN,0
CARS,0
CAST,0
CATX,0
CAVA,0
CBC,0
CBSH,0
BOE,0
BOOT,0
BPRE,0
BRBR,0
BRKHU,0
BRN,0
BRO,0
BROS,0
BRR,0
BJ,0
BJDX,0
BKH,0
BKLN,1
BLDR,0
BLZE,0
BLZR,0
BNAI,0
BLBD,0
BLLN,0
BLMN,0
BLSH,0
BLW,0
BLX,0
BMBL,0
BNBX,0
CIG,0
CIGI,0
CLNE,0
CLX,0
CM,0
CNA,0
CNC,0
CNET,0
CNF,0
BMRA,0
BNED,0
BNTX,0
BOC,0
BOOM,0
BOXL,0
BRAI,0
BRBS,0
BREZ,0
BRFH,0
CCEP,0
CCIXU,0
CCOI,0
CCU,0
CDE,0
CDIO,0
CDNA,0
CDW,0
CDXS,0
CE,0
CELZ,0
BSAC,0
BSBK,0
BSTZ,0
BTGO,0
BTI,0
BUD,0
BUDA,0
CDNS,0
CENT,0
CENTA,0
CETX,0
CGNT,0
CGTL,0
CHAR,0
CHI,0
BNDX,1
BNS,0
BNY,0
BODI,0
BOF,0
BOW,0
BPAC,0
BPOP,0
BRSP,0
BTCT,0
BTU,0
BW,0
BYND,0
CNH,0
CNL,0
CNP,0
CNXN,0
COCP,0
COGT,0
COHU,0
COLA,0
COPR,0
BULL,0
BVS,0
BXSL,0
BZAI,0
CAAS,0
CAII,0
CALY,0
CAPR,0
CEPV,0
CFR,0
CHCO,0
CHCT,0
CHRN,0
CHSCO,0
CHW,0
CIB,0
CIG.C,0
CIK,0
CHNR,0
CHPT,0
CHRS,0
CHRW,0
CHTR,0
CHWY,0
CIA,0
CIEN,0
CIFR,0
CIM,0
CINT,0
C,0
CABR,0
CAF,0
CALX,0
CAMP,0
CAT,0
CBAT,0
CBT,0
CBU,0
CPT,0
CRBG,0
CRMT,0
CRT,0
CSGP,0
CSQ,0
CART,0
CATO,0
CCC,0
CCI,0
CCIX,0
CDP,0
CEE,0
CEG,0
BNGO,0
BOH,0
BOKF,0
BRIA,0
BRT,0
CIRC,0
CLDI,0
CLPR,0
CMCO,0
CMG,0
CMPS,0
CNDT,0
CNM,0
BRC,0
BRK.A,0
BRUN,0
BRZE,0
BSAA,0
BSBR,0
CLB,0
CMCM,0
CME,0
CMND,0
CMPR,0
CMT,0
CNXU,0
CODI,0
COLD,0
CTOS,0
CTRI,0
CTS,0
CTSH,0
CUE,0
CURB,0
CURV,0
CURX,0
CVLG,0
CWH,0
CXII,0
D,0
CELU,0
CFFI,0
CGBD,0
CGEM,0
CGTX,0
CHA,0
CHDN,0
CHEC,0
CHOW,0
CCEL,0
CCIF,0
CCNE,0
CCTG,0
CD,0
CDRE,0
CENN,0
CEPO,0
CFG,0
BSY,0
BTBD,0
BTBT,0
BTSG,0
BURL,0
BURU,0
BV,0
BWMX,0
CABA,0
COO,0
COSM,0
COST,0
BSV,1
BTOC,0
BWA,0
BWB,0
BWEN,0
BWFG,0
BWG,0
BX,0
BXMT,0
BY,0
BZFD,0
DAIC,0
DCOM,0
DCOY,0
DCTH,0
CHSCL,0
CIIT,0
CINF,0
CLBR,0
CLFD,0
CLMB,0
CLVT,0
CLWT,0
CMCT,0
CMP,0
CMRC,0
CNTB,0
CNTY,0
COCO,0
COE,0
COF,0
COFS,0
COIN,0
COLB,0
COMP,0
COSO,0
CG,0
CHCI,0
CHE,0
CHKP,0
CHPGU,0
CHT,0
CHY,0
CII,0
CIVB,0
CACC,0
CAH,0
CAL,0
CAPS,0
CARE,0
CASH,0
CASY,0
CB,0
CBIO,0
CBOE,0
CRAI,0
CRBP,0
CRCL,0
CRD.B,0
CRM,0
CRML,0
CRWS,0
CSAI,0
CSBR,0
DGICB,0
DGII,0
DGNX,0
DH,0
DLNG,0
DLTR,0
DLX,0
CMTG,0
CNEY,0
COAG,0
COCH,0
COHN,0
COLL,0
CABO,0
CADL,0
CAN,0
CATY,0
CBFV,0
CCAP,0
CCAQ,0
CCCC,0
CCJ,0
CCO,0
CCSI,0
CTM,0
CUBI,0
CURI,0
CVLT,0
CVU,0
CWBC,0
CWD,0
CPRI,0
CPRT,0
CRAC,0
CRAQ,0
CRK,0
CRNT,0
CRNX,0
CORZ,0
COTY,0
CPHI,0
CPIX,0
CPK,0
CPZ,0
DMII,0
DMLP,0
DNMX,0
DNP,0
DOCN,0
DOYU,0
DQ,0
DSL,0
DSX,0
CDRO,0
CDZI,0
CELH,0
CEPF,0
CEV,0
CGNX,0
CHPG,0
CLBT,0
CLSK,0
CNI,0
CNNE,0
CNO,0
CNSP,0
CNTX,0
CODA,0
CCG,0
CCK,0
CCRN,0
CDLX,0
CDT,0
CDTG,0
CECO,0
CEF,0
CENX,0
CERS,0
CERT,0
CET,0
CYD,0
DAAQ,0
DAL,0
DBL,0
DBX,0
DCO,0
DDL,0
CRD.A,0
CREX,0
CRF,0
CRGY,0
CRIS,0
CRL,0
CRNC,0
CRSP,0
CRSR,0
DTI,0
DTM,0
DTSQ,0
DVLT,0
DWSN,0
DXPE,0
DY,0
E,0
CING,0
CISS,0
CLDT,0
CLF,0
CLLS,0
CLOV,0
CLPT,0
CLRO,0
CSIQ,0
CSW,0
CTBI,0
CTSO,0
CTVA,0
CTXR,0
CUBE,0
CULP,0
CUPR,0
CUZ,0
CVBF,0
CVCO,0
DECK,0
DFLI,0
DHF,0
DHI,0
DHT,0
ECF,0
EDTK,0
EDU,0
EEA,0
EFA,1
CRVL,0
CRVO,0
CRVS,0
CRWV,0
CSAN,0
CSCO,0
CSL,0
CSR,0
CSX,0
CTAS,0
CTEV,0
CTOR,0
DINO,0
DJCO,0
DKNG,0
DLO,0
DMAC,0
DMC,0
DOC,0
CLS,0
CLST,0
CMC,0
CMCSA,0
CMDB,0
CMTL,0
CNR,0
CNTN,0
CNXC,0
CVM,0
CVX,0
CW,0
CYCN,0
CYTK,0
DB,0
DBVT,0
DDC,0
DDI,0
CPAC,0
CR,0
CRAN,0
CRDF,0
DRD,0
DRS,0
DSS,0
DSY,0
DTE,0
DUOL,0
DVA,0
CODX,0
COHR,0
COLM,0
CON,0
COOK,0
COPX,1
CORT,0
COUR,0
COYA,0
CPA,0
CETY,0
CGEN,0
CGON,0
CHAI,0
CHD,0
CHGG,0
CION,0
CSHR,0
CSTL,0
CTO,0
CVKD,0
CVS,0
CVSA,0
CWCO,0
CWK,0
CWST,0
EIX,0
ELUT,0
EMF,0
EMIS,0
EMO,0
ENR,0
CTRM,0
CTW,0
CURR,0
CVGI,0
CVRX,0
CWEN,0
DAIO,0
DAVA,0
DBI,0
CISO,0
CIX,0
CKX,0
CL,0
CLH,0
CLIK,0
CLIR,0
CLMT,0
CLNN,0
CLPS,0
CLW,0
CMI,0
CPSH,0
CRGO,0
CRI,0
CROX,0
CRS,0
CRUS,0
CXDO,0
CYCU,0
CZFS,0
CZR,0
DAC,0
DAR,0
DARE,0
DASH,0
DAVE,0
DBCA,0
DBD,0
DBGI,0
DX,0
EBAY,0
ECCC,0
ECHO,0
EDD,0
EDN,0
EOD,0
EONR,0
EOS,0
EOSE,0
EP,0
EPRT,0
EQPT,0
EQR,0
EQS,0
ERIC,0
ESI,0
DDOG,0
DEVSF,0
DFH,0
CMII,0
CMMB,0
CMPX,0
CNOB,0
CNX,0
COKE,0
COOT,0
COP,0
DEA,0
DFNS,0
DFP,0
DGAC.U,0
DHR,0
CTMX,0
CTNM,0
CTNT,0
CVE,0
CVI,0
CVV,0
CWT,0
CXM,0
CYAB,0
DGRO,1
DGX,0
DHX,0
DIA,1
DIS,0
DJT,0
DK,0
DLPN,0
DNTH,0
EGHA,0
ELF,0
EML,0
EMXC,1
DIBS,0
DKI,0
DNA,0
DORM,0
DPG,0
DRI,0
DAO,0
DBRG,0
DDD,0
DFDV,0
CPAY,0
CPB,0
CPBI,0
CPNG,0
CPRX,0
CPSS,0
CRBU,0
CRDO,0
CRE,0
CREG,0
DSU,0
DTCX,0
DTF,0
DTST,0
DV,0
ENB,0
ENOV,0
ENSC,0
EPSM,0
EQIX,0
ERAS,0
EROK,0
DCGO,0
DCI,0
DERM,0
DRIO,0
DRMA,0
DRTS,0
DSM,0
DT,0
DTSS,0
DUK,0
DGICA,0
DLY,0
DMAA,0
DOMH,0
DOUG,0
ETHE,1
ETS,0
ETSY,0
EURK,0
EVAC.W,0
EVO,0
EVTC,0
EVTV,0
EWJ,1
EXOZ,0
EXP,0
CRMD,0
CRTO,0
CSPI,0
CSTE,0
CSTM,0
CTKB,0
CUB,0
CVEO,0
CVR,0
DWTX,0
DXCM,0
DXLG,0
DXYZ,0
EAF,0
EBMT,0
EDIT,0
EDUC,0
EEFT,0
DRAM,1
DSGR,0
DSP,0
DUKR,0
EXYN,0
EZRA,0
FACT,0
FAST,0
FCBC,0
FCFS,0
FDSB,0
FDXF,0
DFTX,0
DHC,0
DHY,0
DIN,0
DIOD,0
DIT,0
DLB,0
DLR,0
DXR,0
EA,0
EAT,0
EBC,0
EC,0
ECAT,0
EDRY,0
EEX,0
DYAI,0
DYN,0
DYNF,1
ECG,0
ECL,0
ESBA,0
ESCA,0
ESTC,0
ETSS,0
ETX,0
EVF,0
EVGN,0
EW,0
FE,0
FEBO,0
FF,0
FGNX,0
EFV,1
ELLO,0
ELOG,0
EMD,0
ENTG,0
EOG,0
CXAI,0
CXW,0
CYN,0
CYRX,0
CZWI,0
DAKT,0
DC,0
DCH,0
FA,0
FAMI,0
FBGL,0
EDHL,0
EE,0
EEIQ,0
EFSI,0
EGP,0
EH,0
EHC,0
EHI,0
EICA,0
DMRA,0
DMRC,0
DNLI,0
DNUT,0
DOGZ,0
DOLE,0
DOMO,0
DOV,0
DRDB,0
DRH,0
EQBK,0
ESNT,0
ESQ,0
ETHA,1
EVER,0
FISI,0
FLL,0
FLNC,0
FLNG,0
FLY,0
FMAC,0
FN,0
EJH,0
ELAN,0
ELSE,0
ELVN,0
EMPD,0
ENGN,0
ENPH,0
EOLS,0
EPAC,0
EFOI,0
EIKN,0
ELMT,0
ELOX,0
ELS,0
ELWT,0
FER,0
FFIN,0
FGMC,0
FICO,0
FIG,0
FIS,0
DEC,0
DEI,0
DELL,0
DEO,0
DFIN,0
DG,0
EVGO,0
EVR,0
EVT,0
EWBC,0
EYE,0
FBRT,0
DSGN,0
DXC,0
DXF,0
DYNC,0
FIZZ,0
FLWS,0
FOF,0
FOFO,0
EPC,0
EPM,0
EPSN,0
EQ,0
EQX,0
ERH,0
ESTA,0
EMR,0
ENLV,0
ENS,0
ENSG,0
ENTA,0
EPOW,0
EQNR,0
DKS,0
DLTH,0
DLXY,0
DNOW,0
DOCU,0
FNLC,0
FORR,0
FPF,0
FPI,0
FSI,0
FSSL,0
FTEK,0
FTFT,0
FTHM,0
FTNT,0
FBRX,0
FELE,0
FENC,0
FERA,0
FEZ,1
ERIE,0
ERII,0
ERX,1
ES,0
ESE,0
ESPR,0
ETY,0
ECBK,0
ECC,0
ECX,0
EDF,0
EDSA,0
EFC,0
EFSC,0
ET,0
ETB,0
ETD,0
ETG,0
ETO,0
ETOR,0
EVEX,0
EVMN,0
FFC,0
FHI,0
FIGR,0
FIGX,0
FIVE,0
FIVN,0
FLC,0
EUDA,0
EVAC.U,0
EVI,0
EVLV,0
EVN,0
EXOD,0
EXR,0
EYPT,0
EZPW,0
EFT,0
EG,0
EHGO,0
EHLD,0
EL,0
ELME,0
ELTK,0
ELTX,0
ELV,0
EMBC,0
EMBJ,0
EXFY,0
EXTR,0
FABC,0
FAF,0
FANG,0
FAX,0
FTV,0
FULC,0
FWONA,0
FXY,1
GAB,0
GBLI,0
FBIZ,0
FCAP,0
FCBM,0
FCEL,0
FCHL,0
FCNCA,0
FDMT,0
FLGT,0
FLS,0
FLZH,0
FCF,0
FCUV,0
FCX,0
FENG,0
FET,0
GCBC,0
GCGR,0
GCT,0
GEHC,0
GEMI,0
GEVO,0
GF,0
FDUS,0
FEDU,0
FGBI,0
FGI,0
FGL,0
FHB,0
FIBK,0
FNB,0
FND,0
FNGR,0
FORTY,0
FPH,0
FRA,0
FRBA,0
FRMI,0
FSTR,0
FSUN,0
FRAF,0
FROG,0
FSBW,0
FSP,0
FSS,0
FFBC,0
FIGS,0
FJET,0
FIEE,0
FIP,0
FISK,0
FLOC,0
FLXS,0
FMAO,0
EME,0
ENHA,0
ENO,0
ENRD,0
ENTX,0
ENVX,0
EPR,0
EQH,0
EQT,0
FTAI,0
FTCI,0
FTF,0
FXHO,0
FLG,0
FLNA,0
FLO,0
FLUT,0
FLX,0
FLYX,0
FTH,0
FTHY,0
FVRR,0
FWACU,0
G,0
GAIA,0
FMNB,0
FNWD,0
FOCL,0
FOX,0
FOXF,0
FR,0
FRT,0
FSBC,0
GALT,0
GASS,0
GBTC,1
GCO,0
GCTK,0
GDRX,0
GDTC,0
GDYN,0
GEF.B,0
GEL,0
GFI,0
FNF,0
FNKO,0
FOUR,0
FPS,0
FRGT,0
FRME,0
FRMM,0
FSCO,0
GAIN,0
GAMB,0
GAU,0
GBDC,0
GBX,0
GCTS,0
GDC,0
GDHG,0
GDLC,0
GDS,0
FT,0
FTLF,0
FTRK,0
FULT,0
FVAV,0
FXACU,0
DOW,0
DRIP,1
DRVN,0
DTIL,0
DUO,0
DUOT,0
FSEA,0
FSHP,0
FSLY,0
FTDR,0
FTHA,0
FUSE,0
FWRG,0
GGR,0
GGZ,0
GHC,0
GHG,0
GHXIU,0
GIBO,0
GLMD,0
GABC,0
GANX,0
GAUZ,0
GBCI,0
GBR,0
GCDT,0
GDL,0
GDO,0
DYOR,0
ECO,0
ECOR,0
EDBL,0
EFOR,0
EFX,0
EGAN,0
EGG,0
GAP,0
GDDY,0
GDX,1
GGG,0
GGT,0
GH,0
ERNA,0
ESAB,0
ESLA,0
ESLT,0
ESS,0
ETJ,0
EVC,0
GEF,0
GERN,0
GGN,0
GIFT,0
GIGM,0
GL,0
GLBS,0
GLRE,0
GFS,0
GGRP,0
GIC,0
GILD,0
GILT,0
GLD,1
GLIBK,0
GLOO,0
GHM,0
GIL,0
GLAS,0
GLBE,0
GLDM,1
GLED,0
GLND,0
GLQ,0
GLW,0
GLNG,0
GLXG,0
GME.W,0
GNL,0
GRBK,0
GREE,0
GRNQ,0
GROV,0
EGY,0
EIG,0
ELA,0
ELAB,0
ELMD,0
EMAT,0
EMN,0
GECC,0
GEG,0
GEN,0
GGAL,0
GIB,0
GLNK,0
GLO,0
GME,0
GNLN,0
GNPX,0
GNTA,0
GOOG,0
GPK,0
GRC,0
GLV,0
GMED,0
GMRS,0
GNK,0
GNRC,0
GNTX,0
GOVX,0
GPAT,0
GPI,0
GPRK,0
GLPI,0
GM,0
GMAB,0
GNSS,0
GOGO,0
GPAC,0
GPC,0
EVV,0
EWT,1
EXPD,0
FAC,0
FBLG,0
FBP,0
FBYD,0
FCCO,0
FCPT,0
GLOB,0
GLSI,0
GMM,0
GNE,0
GNS,0
GOLF,0
GOOD,0
GRRR,0
GTEC,0
GTN,0
ENVB,0
EOI,0
EOT,0
EPAM,0
EPD,0
ERC,0
ESEA,0
ESP,0
ESRT,0
ETR,0
GRDN,0
GS,0
GSAT,0
GSIW,0
GT,0
GTIM,0
GTM,0
GTY,0
GUT,0
FCRS,0
FCT,0
FDBC,0
FDS,0
FERG,0
FFAI,0
FFIV,0
FGII,0
GRML,0
GRND,0
GSBD,0
GTBP,0
GPMT,0
GRAF.W,0
GRWG,0
GSIT,0
GSRF,0
GTES,0
GTLB,0
GTN.A,0
GTX,0
HBNC,0
HCAC,0
HCC,0
HCM,0
HCWC,0
HEI,0
HFBL,0
EVTL,0
EWTX,0
EWY,1
EWZ,1
EXEL,0
EXG,0
EXK,0
EXLS,0
GSM,0
GTE,0
GTERA,0
GURE,0
GV,0
GWH,0
GXAI,0
HFWA,0
HHH,0
HLP,0
HLX,0
HOPE,0
HQ,0
FIRY,0
FLEX,0
FLUX,0
FMC,0
GWRS,0
HAWK,0
HELE,0
HEQ,0
HGTY,0
HAO,0
HAVA,0
HBIO,0
HCTI,0
HFFG,0
HIHO,0
HLF,0
GYRE,0
HACQ,0
HAFC,0
HALO,0
HAPN,0
HAS,0
HBAN,0
HCA,0
HCSG,0
FMN,0
FNUC,0
FNWB,0
FOA,0
FORM,0
FOXX,0
FRD,0
EXPE,0
EZGO,0
F,0
FATN,0
FBIN,0
FBK,0
FBNC,0
FC,0
HLLY,0
HPE,0
HPS,0
HRI,0
HTFL,0
HTT,0
HUYA,0
HXL,0
HYNE,0
HCWB,0
HGBL,0
HIO,0
HLMN,0
HNGE,0
HNRG,0
HNST,0
HNVR,0
HOMB,0
FRSH,0
FRVO,0
FTI,0
FUBO,0
FUSB,0
FWDI,0
FDX,0
FEAM,0
FEED,0
FEIM,0
FFA,0
HIMS,0
HIND,0
HLI,0
HLN,0
HODO,0
HOOD,0
HOV,0
HP,0
HPI,0
GUTS,0
HAIN,0
HASI,0
HCI,0
HCKT,0
HCMA,0
HONA,0
HOUR,0
HOWL,0
HPAI,0
HPK,0
HRTG,0
HST,0
HTCR,0
HUMA,0
HVMC,0
HRMY,0
HSDT,0
HTB,0
HTCO,0
HTH,0
HTHT,0
HUM,0
HURN,0
HWH,0
HXHX,0
HYI,0
FHN,0
FHTX,0
FINS,0
FISV,0
FKWL,0
FLNT,0
FLR,0
HPQ,0
HQI,0
HROW,0
HRTX,0
HRZN,0
HSIC,0
HSY,0
HTLD,0
HTO,0
HUHU,0
HUT,0
HVT,0
IAF,0
IBAC,0
ICE,0
ICLN,1
ICON,0
IDACU,0
IDCC,0
GAM,0
GATX,0
GBAB,0
GBFH,0
GCL,0
GDOT,0
GDXJ,1
GENI,0
HYMC,0
IBCP,0
IBKR,0
IBN,0
HYFM,0
HYT,0
IACQ,0
IAU,1
IBEX,0
FLYE,0
FOSL,0
FRHC,0
FRST,0
FSLR,0
HYLN,0
HYPD,0
HZO,0
IBIT,1
IBOC,0
ICFI,0
HEI.A,0
HGV,0
HIT,0
HKD,0
HKIT,0
HKPD,0
HLNE,0
HLT,0
IEAG,0
IESC,0
IGC,0
IGD,0
IHRT,0
IHS,0
GEOS,0
GEV,0
GGB,0
GHRS,0
GIII,0
GIX,0
GLIBA,0
GLUE,0
ICCC,0
ICCM,0
ICHR,0
ICLR,0
ICUI,0
IDA,0
IDE,0
IDR,0
IDT,0
IEF,1
IEX,0
IFRX,0
IGIC,0
IIPR,0
ILAG,0
HMR,0
HOFT,0
HR,0
HSBC,0
HSTM,0
HTZ,0
HUBB,0
HUBC,0
GMEX,0
GOF,0
GOLD,0
GP,0
GPRE,0
GPRO,0
GRID,1
GRO,0
GRVY,0
ILLU,0
INCY,0
INDV,0
INGN,0
INSM,0
INTC,0
INVE,0
INVH,0
IONS,0
IDN,0
IEMG,1
IGA,0
IKT,0
IFN,0
IGR,0
IGV,1
IHG,0
IMKTA,0
GRX,0
GSBC,0
GSK,0
GSOL,1
GTLS,0
GUG,0
GXO,0
GYRO,0
HAL,0
IPAR,0
IPST,0
IPVVU,0
IRAB,0
IRD,0
IRDM,0
IRS,0
IVF,0
IMRN,0
INGM,0
INLF,0
INSW,0
INTA,0
IMTE,0
IMXI,0
INAC,0
ING,0
INN,0
INR,0
INSP,0
INTM,0
IMCR,0
IMNN,0
IMRX,0
INDI,0
INFU,0
INHD,0
INMB,0
INNV,0
IOVA,0
IP,0
IPCX,0
HYG,1
IBB,1
IBIO,0
IVZ,0
IZEA,0
JAAA,1
JATT,0
JBI,0
IOTR,0
IPWR,0
IPX,0
IQMX,0
IQST,0
IRMD,0
IRTC,0
ISSC,0
HBT,0
HCAI,0
HCHL,0
HD,0
HE,0
HIG,0
HII,0
JILL,0
JL,0
JLHL,0
JQC,0
JUNS,0
KAPA,0
IDYA,0
IE,0
IEFA,1
IIF,0
ITGR,0
IVR,0
IWF,1
IWN,1
JACK,0
JAGX,0
JBGS,0
JBS,0
KARD,0
KIE,1
KIO,0
KMRK,0
KRNT,0
KRO,0
ILPT,0
IMMX,0
IMOS,0
IMSR,0
IMVT,0
INBK,0
INIO,0
INKT,0
INTG,0
INTJ,0
INTS,0
JEM,0
JFU,0
JHI,0
JJSF,0
JLL,0
JOB,0
KROS,0
KWM,0
KYN,0
KZIA,0
LADR,0
LAKE,0
LDI,0
FTK,0
FUNC,0
FUTU,0
GAME,0
GBTG,0
GCV,0
LESL,0
LGPS,0
LGVN,0
LIN,0
LITE,0
LKFT,0
LMND,0
LNC,0
LOGI,0
JWEL,0
JZXN,0
KEP,0
KFFB,0
KHC,0
KLRA,0
INTW,1
INVA,0
IOSP,0
IPM,0
IQI,0
IQLT,1
IREN,0
ISPC,0
INTT,0
IONQ,0
IRON,0
IRT,0
ISBA,0
ISNRU,0
ISPR,0
ISTR,0
HIPO,0
HLIO,0
HLXC,0
HNI,0
HOLO,0
HON,0
HOVR,0
HQH,0
HRL,0
KOD,0
KORE,0
KORU,1
KRAQ,0
KRC,0
KRG,0
KRKR,0
KRUS,0
KSCP,0
KSS,0
IPFX,0
IPHA,0
IPW,0
IQV,0
IRHO,0
IRIX,0
ISD,0
IT,0
ITOC,0
ITP,0
IVDA,0
ITA,1
ITOT,1
IUSB,1
IVA,0
IVV,1
IVW,1
IWO,1
IYR,1
J,0
LOPE,0
LPCN,0
LTC,0
LTM,0
LUCY,0
LUD,0
LX,0
LYB,0
GDV,0
GE,0
GENC,0
GENK,0
GEO,0
GFAI,0
GFF,0
KTTA,0
KVHI,0
KWY,0
KYTX,0
LAB,0
LAMR,0
LAND,0
LE,0
LEGN,0
ITB,1
ITIC,0
ITRI,0
ITUB,0
IVVD,0
IX,0
IYW,1
JABRU,0
JAN,0
JANX,0
JBDI,0
JBTM,0
JEF,0
JFR,0
JMSB,0
LYFT,0
LZ,0
M,0
MAS,0
MASK,0
MAT,0
MAX,0
GLAD,0
GLP,0
GLU,0
GLXY,0
GMHS,0
IVT,0
IWB,1
IXHL,0
IXUS,1
JAGU,0
JBHT,0
JCE,0
JCTC,0
JD,0
JFB,0
LGHL,0
LIFE,0
LILA,0
LINE,0
LINK,0
LITB,0
LND,0
LOBO,0
HUBG,0
HURC,0
HYPR,0
IAE,0
IART,0
MBWM,0
MCN,0
MDGL,0
MENS,0
MEVO,0
MGF,0
MH,0
MIN,0
JAZZ,0
JBIO,0
JBLU,0
JBSS,0
JCAP,0
JELD,0
JF,0
LPA,0
LPBBU,0
LQD,1
LUCD,0
LWAC,0
LYTS,0
LZM,0
MA,0
JG,0
JNJ,0
JOBY,0
JPC,0
JRI,0
JRS,0
JOUT,0
JOYY,0
JXG,0
JXN,0
JYD,0
KAZR,0
KBWB,1
KCAC.W,0
IBG,0
IBM,0
IBRX,0
ICG,0
IFS,0
JMIA,0
JMM,0
JRVR,0
JYNT,0
KCHV,0
KD,0
KDP,0
MKL,0
MMD,0
MMM,0
MMSI,0
MPTI,0
MPWR,0
MRDN,0
MRKR,0
MRNA,0
MANE,0
MATX,0
MBI,0
MBIN,0
MC,0
MCAH,0
MCFT,0
MCY,0
JTAI,0
KALA,0
KBDC,0
KBH,0
KEN,0
KEX,0
KEEL,0
KIDZ,0
KMB,0
KMDA,0
KMT,0
KOYN,0
KPET,0
KR,0
KE,0
KEQU,0
KF,0
KGC,0
KGS,0
KINS,0
KLIC,0
KMX,0
KNF,0
KNOP,0
IGI,0
IHF,1
ILLR,0
IMCC,0
IMDX,0
IMPP,0
INAB,0
INDA,1
INDB,0
MSCI,0
MSFT,0
MSGE,0
MSI,0
MSIF,0
MSN,0
MTB,0
GO,0
GORO,0
GOSS,0
GPCR,0
GPGI,0
GPN,0
GPOR,0
GPUS,0
MDLZ,0
MDXG,0
MESH,0
MFIC,0
MGEE,0
MGN,0
MGRC,0
MGY,0
KFRC,0
KIDS,0
KLAR,0
KLTR,0
KN,0
KODK,0
KOP,0
KNSL,0
KNX,0
KPTI,0
KRE,1
KTOS,0
LABU,1
LAC,0
KREF,0
KRNY,0
KTF,0
KVAC,0
KVYO,0
KYIV,0
KYNB,0
LARK,0
LASE,0
LAZ,0
LBTYB,0
INDO,0
INDP,0
INFQ,0
INMD,0
INO,0
INSE,0
INVX,0
INVZ,0
IOR,0
MTEK,0
MTEX,0
MTH,0
MTN,0
MTVA,0
MUD,1
MYE,0
MYSE,0
MZTI,0
NAAS,0
MGYR,0
MHO,0
MKC,0
MKTW,0
MLEC,0
MLTX,0
LCII,0
LCNB,0
LECO,0
LFUS,0
LINC,0
LKSP,0
IR,0
IRWD,0
ISRG,0
ITRN,0
LBTYA,0
LBTYK,0
LCCC,0
LEGO,0
LEN,0
LENZ,0
LEO,0
LEVI,0
LEXX,0
LFCR,0
NAC,0
NAVI,0
NBR,0
NBTB,0
NCMI,0
NCV,0
NCZ,0
NHIV,0
KRMD,0
KRMN,0
KRP,0
KRYS,0
KTCC,0
KXIN,0
LABT,0
LAD,0
LAFA,0
LBGJ,0
GRAF.U,0
GRAL,0
GRAN,0
GRF,0
GRI,0
GRMN,0
GRNT,0
GROY,0
GRPN,0
GSHD,0
GSHR,0
ITT,0
ITW,0
IZM,0
JAKK,0
JBL,0
JCSE,0
LNG,0
LNN,0
LNSR,0
LOVE,0
LPL,0
LPSN,0
LRCX,0
LRMR,0
LSE,0
LUXE,0
LYV,0
LGCY,0
LGL,0
LH,0
LION,0
LIVN,0
LKFN,0
LKQ,0
LLY,0
LMNR,0
LMT,0
MNDO,0
MNDY,0
MNPR,0
MNST,0
MOG.B,0
MOS,0
MPB,0
MPT,0
JGH,0
JHX,0
JVA,0
KB,0
LFAC,0
LFMD,0
LFTO,0
LFVN,0
LFWD,0
LGI,0
LHSW,0
LIEN,0
LII,0
LIVE,0
LNTH,0
LOAN,0
LOAR,0
LOCL,0
LOCO,0
LOMA,0
LPAA,0
LSTR,0
NHS,0
NIC,0
NJR,0
NKTR,0
NLY,0
NMI,0
NMM,0
NMP,0
NNY,0
NOW,0
NPWR,0
GTEN,0
GVA,0
H,0
HAYW,0
HBCP,0
HCIC,0
LLYVA,0
LNT,0
LOB,0
LODE,0
LOOP,0
LOT,0
LPCV,0
LPG,0
LPTH,0
LTRN,0
LVO,0
LXEH,0
MRLN,0
MRM,0
MRP,0
MRX,0
MSEX,0
MSM,0
MTLS,0
MTUM,1
MU,0
MUC,0
MARA,0
MASS,0
MATH,0
MBAV,0
MBGL,0
MBUU,0
MCRI,0
MDCX,0
KBNT,0
KBON,0
KBSX,0
KC,0
KCE,1
KDK,0
KEYY,0
KFY,0
KIM,0
KITT,0
LTBR,0
LTRX,0
LVWR,0
LWLG,0
LXEO,0
LXFR,0
MAA,0
MAMA,0
MAN,0
MBX,0
MUR,0
MUZE,0
MVIS,0
MXC,0
MYN,0
NAKA,0
MED,0
MEDP,0
MEGL,0
MELI,0
MET,0
METCB,0
MGPI,0
MHF,0
HDB,0
HDSN,0
HEPS,0
HERE,0
HESM,0
HG,0
HIMX,0
HIW,0
HIX,0
HL,0
LXP,0
LYEL,0
MAAS,0
MAIR,0
MATV,0
MBAI,0
MBIO,0
MBRX,0
NAUT,0
NBIX,0
NCT,0
NE,0
NEO,0
NESR,0
NEUP,0
NRXS,0
NSC,0
NTST,0
NTZ,0
NUCL,0
NUW,0
NVDA,0
NVNO,0
MHH,0
MIDD,0
MIMI,0
MIY,0
MKC.V,0
MLGO,0
MLKN,0
MLM,0
MLSS,0
MCBS,0
MCHI,1
MCHP,0
MCHX,0
MCI,0
MCO,0
MDAI,0
MERC,0
METC,0
KKR,0
KLAC,0
KLXE,0
KMPR,0
KNRX,0
KOPN,0
KOS,0
KPRX,0
KRSP,0
NVST,0
NWBI,0
NWSA,0
NXDT,0
NYC,0
OBA,0
OC,0
OCAC.U,0
OCGN,0
OFG,0
MOMO,0
MP,0
MPA,0
MRK,0
MS,0
MSGS,0
MSS,0
MSTZ,1
MTD,0
NGNE,0
NGVC,0
NHP,0
NINE,0
NKLR,0
NKX,0
NMTC,0
NNBR,0
NNVC,0
NP,0
MFC,0
MFG,0
MFM,0
MGRT,0
MGRX,0
MIRA,0
KRT,0
KURA,0
KUST,0
L,0
LASR,0
LAW,0
LCID,0
LCLN,0
LDOS,0
LEG,0
OIA,0
OKE,0
OLLI,0
OLPX,0
OMSE,0
ONDS,0
OOMA,0
OPHC,0
MTRN,0
MUA,0
MUFG,0
MXF,0
NAMM,0
NPCE,0
NPCT,0
NPFD,0
NPK,0
NRK,0
NRO,0
NRSN,0
NSIT,0
NSSC,0
NSTS,0
NTCL,0
NTES,0
NTRA,0
ORA,0
ORGO,0
ORI,0
OSRH,0
OSUR,0
OTLK,0
OTTR,0
PAAA,1
HPP,0
HQY,0
HRB,0
HSAI,0
HSCS,0
HTD,0
HTGC,0
HTLM,0
HUBS,0
HUIZ,0
MKLY,0
MKSI,0
MMTX,0
MNRO,0
MOD,0
MODD,0
MOGU,0
MOH,0
MPLX,0
LFS,0
LFST,0
LFT,0
LGN,0
LHAI,0
LI,0
LICN,0
LILAK,0
NTRP,0
NVCT,0
NVGS,0
NVRI,0
NVTS,0
NYT,0
HURA,0
HWBK,0
HWC,0
HWKN,0
HWM,0
HYFT,0
IACO,0
IAG,0
NAN,0
NATL,0
NB,0
NBH,0
NBHC,0
NBP,0
NBRG,0
NCEL,0
NCEW,0
NEE,0
PAM,0
PARR,0
PASW,0
PAYS,0
PB,0
PBH,0
PBHC,0
OABI,0
OBAI,0
OBE,0
OBT,0
ODD,0
OGEN,0
OII,0
OIO,0
OMH,0
IBTA,0
ICU,0
IDAI,0
IDXX,0
IFF,0
LLYVK,0
LMAT,0
LOW,0
LPRO,0
LQDA,0
LQDT,0
LRE,0
LRHC,0
NEOG,0
NEWT,0
NEXR,0
NEXT,0
NFBK,0
NFJ,0
NGG,0
NHTC,0
NMFC,0
NMZ,0
MRAM,0
MSGY,0
MTAL,0
MTEN,0
MUSA,0
MUX,0
IFRA,1
IH,0
IHI,1
IIIN,0
IJH,1
ILMN,0
IMAX,0
IMMP,0
IMMR,0
OPAD,0
OPK,0
OPLN,0
OPRT,0
ORKT,0
OSPN,0
MCB,0
MCD,0
MD,0
MDRR,0
MDWD,0
MDXH,0
MEOH,0
PCM,0
PCSC,0
PDLB,0
PDO,0
PENG,0
PENN,0
PFLT,0
LSH,0
LTGRU,0
LUCK,0
LVLU,0
LVS,0
LWAY,0
LXU,0
LZMH,0
MACI,0
MAIN,0
MAR,0
OTEX,0
OTIS,0
OXM,0
OXSQ,0
PACB,0
PACH,0
PACS,0
PAGP,0
PALI,0
IMNM,0
IMO,0
IMUX,0
INEO,0
INLX,0
INTR,0
INTZ,0
INV,0
IOT,0
MWH,0
MYO,0
NABL,0
NBBK,0
NC,0
NCL,0
NCNO,0
NCRA,0
MFPVV,0
MGA,0
MLAB,0
MLR,0
MMA,0
NOA,0
NODK,0
NOK,0
NOMD,0
NRDS,0
NRG,0
NSRX,0
NTGR,0
NTHI,0
NTSK,0
NU,0
PANL,0
PASG,0
PBFS,0
PBR,0
PDEX,0
PDFS,0
PDYN,0
PFS,0
PGAC,0
PHM,0
PHVS,0
PHYS,0
PKBK,0
PLAG,0
PLMK,0
MNOV,0
MOBX,0
MOLN,0
MORN,0
MRTN,0
MRVI,0
MRVL,0
MSD,0
MSTR,0
MT,0
NEM,0
NEPH,0
NEU,0
NGL,0
NGVT,0
NIM,0
NLOP,0
IPGP,0
IQ,0
IRM,0
ITHA,0
IVE,1
NUAI,0
NUV,0
NUVB,0
NVDL,1
NVNI,0
NWGL,0
NXGL,0
PLUN,0
PNC,0
PNI,0
POOL,0
POWL,0
PPBT,0
PPIH,0
MATW,0
MBBC,0
MCK,0
MDBH,0
MDLN,0
MEGI,0
MESO,0
NMR,0
NNDM,0
NOG,0
NOTVQ,0
NOV,0
NPAC,0
NPT,0
NRP,0
NTB,0
NTCT,0
NTNX,0
NXL,0
NZF,0
OBIO,0
OCG,0
OCTV,0
OFS,0
OGE,0
OHAC,0
OKTA,0
MTCH,0
MTNE,0
MTRX,0
MX,0
MYFW,0
MYND,0
MYPS,0
NAK,0
NAT,0
PERI,0
PFO,0
PFX,0
PGEN,0
PHG,0
PHI,0
PHIO,0
PICS,0
PLAB,0
NVVE,0
NWTG,0
NXTT,0
OCUL,0
OLN,0
OMAB,0
OMER,0
OMEX,0
ONFO,0
OSCR,0
OSS,0
OSTX,0
META,0
MFI,0
MGIH,0
MGNI,0
MGTX,0
MGX,0
MHD,0
MI,0
MIAX,0
PLAY,0
PLUR,0
PMEC,0
POLE,0
PONO,0
PPC,0
PRCH,0
PROP,0
PSFE,0
PSIG,0
NAZ,0
NCNA,0
NCSM,0
NCTY,0
NDAQ,0
NDRA,0
NDSN,0
NEON,0
ODTX,0
OEC,0
OFIX,0
OGS,0
OIM,0
ONEW,0
ONL,0
ONTO,0
OPAL,0
MIR,0
MITK,0
MKTX,0
MLCI,0
MLP,0
MMLP,0
MMS,0
MMU,0
MNKD,0
MNR,0
MNSB,0
MNTN,0
PSKY,0
PSNY,0
PTY,0
PULM,0
PVLA,0
PXS,0
PZZA,0
OSW,0
OTGA,0
OTLY,0
OUT,0
OWLS,0
OZ,0
PALO,0
PAVS,0
PRFX,0
PRG,0
PSF,0
PSHG,0
JACS,0
JENA,0
JFIN,0
JKHY,0
MNTS,0
MOBI,0
MPC,0
MREO,0
MRT,0
MSAI,0
MSC,0
NEXN,0
NHIC,0
NIE,0
NIU,0
NIVF,0
NML,0
NMRA,0
NNN,0
NPB,0
PSN,0
PSTV,0
PTEN,0
PTOR,0
PWP,0
PYPD,0
PCF,0
PCN,0
PDC,0
PDM,0
PDT,0
PETS,0
PETZ,0
PFAI,0
QCOM,0
QNRX,0
QTEX,0
JKS,0
JNK,1
JOE,0
JPM,0
OPEN,0
OPTX,0
ORBS,0
ORIQ,0
ORLY,0
OSG,0
OVBC,0
OZK,0
PAA,0
MSW,0
MTC,0
MTUS,0
MTW,0
MTX,0
MVBF,0
MWA,0
MWG,0
MXCT,0
MYI,0
PFIS,0
PGP,0
PI,0
PLMR,0
PLRX,0
PLRZ,0
PLTR,0
NPKI,0
NRT,0
NSP,0
NSPR,0
NSYS,0
NTLA,0
NTRB,0
NUS,0
NVCR,0
NVD,1
QTWO,0
QXO,0
RAC,0
RAIL,0
RBC,0
RBRK,0
PLXS,0
PM,0
PMAR,0
PMTS,0
PNW,0
POWW,0
PRAX,0
PRCT,0
PRHI,0
PRLB,0
PRMB,0
QNT,0
QRHC,0
QUAD,0
QUBT,0
NVMI,0
NVOS,0
NVR,0
NVS,0
NVT,0
NWE,0
NWL,0
NWS,0
NXB,0
NXPI,0
NXTS,0
RCKY,0
RDI,0
RDZN,0
REZI,0
RIBB,0
RILY,0
JZ,0
KAI,0
KBR,0
KCAC.U,0
KELYA,0
KFII,0
MYRG,0
MYX,0
MZYX,0
NATH,0
NAVN,0
NBB,0
NBTX,0
NCI,0
NECB,0
PSEC,0
PSQH,0
PTHS,0
PTLO,0
PURR,0
RJF,0
RKDA,0
RKTO,0
RLAY,0
RMBS,0
RMIX,0
RNXT,0
ROK,0
NERV,0
NET,0
NG,0
NGEN,0
NICE,0
NIXX,0
PAHC,0
PAMT,0
PATH,0
PAY,0
PAYX,0
PBI,0
PBT,0
ROMA,0
RPC,0
RPID,0
RPRX,0
RTAC,0
RVSB,0
PVH,0
PXLW,0
PYXS,0
QCLS,0
QH,0
QLD,1
PCAP,0
PCB,0
PCSA,0
PCT,0
PD,0
PDI,0
PDX,0
PED,0
PFGC,0
NKE,0
NKTX,0
NLR,1
NMAD,0
NMCO,0
NMIH,0
NMT,0
NN,0
NNE,0
NNNN,0
NOAH,0
RWAY,0
RYOJ,0
RYTM,0
RYZ,0
RZLT,0
S,0
SATL,0
SBXE,0
PGR,0
PH,0
PHGE,0
PHK,0
PIM,0
PINE,0
PJT,0
PKOH,0
PLBL,0
PLBY,0
PLD,0
QUMS,0
QXL,0
RAY,0
RBB,0
RBBN,0
RBCAA,0
RBNE,0
RCON,0
REED,0
REFR,0
QNCX,0
QQQX,0
QTI,0
SCHF,1
SCHW,0
SCII,0
SCKT,0
SCLX,0
SD,0
SDGR,0
SE,0
PLOW,0
PLUT,0
PMAX,0
PMM,0
PMT,0
PMTR,0
PMVP,0
PNRG,0
PODD,0
RES,0
RFI,0
RGR,0
RIOT,0
RMI,0
RMSG,0
RNAZ,0
RNGT,0
NPO,0
NREF,0
NRXP,0
NSA,0
NTAP,0
NTIC,0
NTIP,0
NTRS,0
NTWO,0
RAMP,0
RCT,0
RDACU,0
RDGT,0
RDHL,0
RELY,0
RFIL,0
RFL,0
RGA,0
POET,0
POWI,0
PPSI,0
PPT,0
PRIM,0
PRLD,0
PRM,0
PRPL,0
PRSO,0
PRSU,0
PRT,0
RNR,0
RNST,0
RNTX,0
ROLR,0
RSG,0
RSKD,0
RUBI,0
NUE,0
NVA,0
NVX,0
NWFL,0
NWN,0
NXDR,0
NXTC,0
NXXT,0
ODC,0
ODFL,0
OFRM,0
OGCP,0
OKUR,0
OLOX,0
OMF,0
ONB,0
SES,0
SFBS,0
SFST,0
SG,0
SGLY,0
SJM,0
SKK,0
SLAI,0
KLC,0
KLRS,0
KNTK,0
KO,0
KOF,0
KOSS,0
KRRO,0
RHI,0
RMD,0
RMR,0
RNGR,0
PRTA,0
PTGX,0
PUBM,0
PUMP,0
RVT,0
RXO,0
SAFE,0
SAGT,0
SAIL,0
SBFM,0
SBI,0
SLDB,0
SLMT,0
SLND,0
SMRT,0
SOAR,0
OBDC,0
OBK,0
OCS,0
OGBLY,0
OIH,1
OKYO,0
ROCK,0
ROL,0
ROOT,0
ROST,0
RPD,0
RR,0
RRR,0
RXRX,0
ONEG,0
ONT,0
OPFI,0
OPTT,0
ORC,0
ORCL,0
OUST,0
KVUE,0
KWR,0
LB,0
LBRDA,0
LBRDK,0
LBRT,0
LCTX,0
LCUT,0
SOGP,0
SOUL,0
SPE,0
SPHQ,1
SPLV,1
SPPL,0
SPRB,0
OLP,0
ONCH,0
ONMD,0
OPRA,0
OPXS,0
ORMP,0
OSPRU,0
OTAI,0
OTF,0
QDEL,0
QETA,0
QFIN,0
QGEN,0
QMCO,0
QNST,0
PAC,0
PBLS,0
PDCC,0
PDD,0
PEBO,0
PECO,0
PEG,0
LEA,0
LEDS,0
LEGH,0
LEU,0
LGCL,0
LGIH,0
LGND,0
LHX,0
LIDR,0
LIMN,0
LIND,0
LIQT,0
OVV,0
OWLT,0
OXLC,0
OXY,0
P,0
PAAS,0
PAGS,0
QSR,0
QUIK,0
RAIN,0
RAL,0
RBLX,0
SPRC,0
SPXL,1
SRE,0
SRI,0
SSII,0
STG,0
STLD,0
PEGA,0
PFBC,0
PFN,0
PFSI,0
PGC,0
PGZ,0
PHIN,0
PHUN,0
PIII,0
PL,0
SBSW,0
LITS,0
LMB,0
LPLA,0
LPX,0
LRN,0
LSAK,0
LSCC,0
LSF,0
RZLV,0
SAAQ,0
SAH,0
SANM,0
SANW,0
SBC,0
SBMT,0
SBRA,0
STOK,0
STRW,0
STUB,0
SUNC,0
SWBI,0
PLCE,0
PLG,0
PLUG,0
PML,0
PNNT,0
POR,0
PPL,0
PARK,0
PATK,0
PAVE,1
PAVM,0
PAX,0
PAYP,0
PCAR,0
PCG,0
SEB,0
SEG,0
SELF,0
SFIX,0
SFM,0
SGI,0
SGU,0
SHAZ,0
SHEL,0
LTH,0
LUMN,0
LW,0
LYG,0
LZB,0
MAC,0
MAGN,0
MAIA,0
SYNX,0
SZZL,0
TAL,0
TAOX,0
TARS,0
TCBS,0
TCPC,0
TDAC,0
TDS,0
RC,0
RCAT,0
RCUS,0
RDDT,0
REAX,0
REKR,0
RENT,0
REX,0
RGLD,0
RGNX,0
SCCO,0
SCM,0
SCNX,0
SDEV,0
SDHY,0
SEGG,0
SIFY,0
SKT,0
SLDE,0
SLF,0
SLNH,0
PRDO,0
PRE,0
PRME,0
PROV,0
PRPO,0
PRQR,0
PRTH,0
PRU,0
TFIN,0
TGEN,0
TH,0
THRM,0
TILE,0
TIMB,0
TITN,0
TJX,0
TLIH,0
PCOR,0
PDS,0
PDSB,0
PECE,0
PEP,0
PESI,0
PEW,0
PFD,0
SFBC,0
SFL,0
SGHT,0
SHG,0
SHO,0
SHPH,0
SHY,1
SIBN,0
SIG,0
SILC,0
SIRI,0
MAMO,0
MANH,0
MANU,0
MBC,0
MBLY,0
MCHB,0
MCS,0
MDB,0
MDIA,0
MDT,0
RGS,0
RGTI,0
RH,0
RIME,0
RIO,0
RLYB,0
RMAX,0
RNA,0
TLPH,0
TMCR,0
TMP,0
TNMG,0
TNYA,0
TORO,0
PFG,0
PGNY,0
PHOE,0
PIPR,0
PKX,0
PLNT,0
PLSE,0
PLTK,0
PSMT,0
PSNL,0
PSO,0
PTCT,0
PTN,0
PTRN,0
PWR,0
ROG,0
RSP,1
RTX,0
RUSHB,0
SKIN,0
SKYT,0
SLGN,0
SLNG,0
SLS,0
SMA,0
SMID,0
TRAX,0
TRON,0
TRSG,0
TRVI,0
TSCO,0
SMCI,0
SMH,1
SMSI,0
SMTK,0
SMXT,0
SNAP,0
SNDR,0
QNTM,0
QQQM,1
QRVO,0
QUAL,1
PLUS,0
PLYX,0
PNFP,0
POAS,0
PPCB,0
PPG,0
PPLI,0
PRGO,0
RXST,0
RYET,0
RYM,0
SAIC,0
SAMG,0
SAN,0
SANA,0
SAP,0
SAR,0
SARO,0
TTEC,0
TWFG,0
TWLO,0
TXRH,0
TZOO,0
UA,0
UCL,0
MEC,0
MEI,0
MFA,0
MG,0
MGLD,0
MGM,0
MGNX,0
PRKS,0
PROK,0
PRTS,0
PRVA,0
PRZO,0
PSIX,0
PSTL,0
R,0
RAND,0
RCS,0
RDCM,0
REAL,0
REFI,0
RELX,0
REPX,0
UCO,1
UEC,0
UFPT,0
UK,0
UNP,0
UONE,0
UPWK,0
SMPL,0
SMTI,0
SNDK,0
SNES,0
SOFI,0
SOLS,0
SONM,0
SONY,0
SORA,0
SBAC,0
SBLK,0
SBR,0
SCHH,1
SCWO,0
SNPS,0
SNTG,0
SORN,0
SOWG,0
SOXS,1
SPGI,0
SPHL,0
SPHR,0
PSX,0
PUSA,0
PVL,0
PXED,0
PZG,0
QCRH,0
QLEP,0
MIRM,0
MITQ,0
MITT,0
MLAA,0
MMED,0
MMI,0
MMYT,0
MNDR,0
MNSO,0
MNTK,0
REYN,0
RF,0
RFAI,0
RFM,0
RGP,0
RHP,0
RITM,0
RKLB,0
SOTK,0
SPSC,0
SPWH,0
SEAT,0
SECZ,0
SEDG,0
SEED,0
SENEA,0
SENEB,0
SERV,0
SEV,0
SEVN,0
SPMC,0
SPRY,0
SPXX,0
SR,0
SSM,0
SSNC,0
STE,0
RL,0
RLTY,0
RMBI,0
RMCO,0
RMNI,0
RMTI,0
ROP,0
RPAY,0
RPGL,0
RRBI,0
MNY,0
MOB,0
MOG.A,0
MOVE,0
MPLT,0
MPU,0
MQ,0
MRNO,0
MSDL,0
MSFC,1
MSGM,0
UPXI,0
URBN,0
USHY,1
UTG,0
UTL,0
UVE,0
UWMC,0
SPWR,0
SQQQ,1
SRAD,0
SRG,0
SSPC,1
SSYS,0
ST,0
STAG,0
RUN,0
RUSHA,0
RVMD,0
RWT,0
RYAM,0
SA,0
SABA,0
SAFT,0
SAM,0
SFHG,0
SGHC,0
SHAK,0
SHFS,0
SHIM,0
SHOO,0
SHV,1
SIDU,0
SIMA,0
MSR,0
MTSI,0
MTZ,0
MUB,1
MVLL,1
MWC,0
MXL,0
MYGN,0
QSEA,0
QTRX,0
QURE,0
SW,0
SWVL,0
SYNA,0
TAK,0
STEX,0
STGW,0
STIM,0
STK,0
STM,0
STN,0
STRR,0
SUN,0
SVCO,0
SVRN,0
SION,0
SITE,0
SLRC,0
SMHI,0
SMWB,0
SNA,0
UYSC,0
UZX,0
VALN,0
VALU,0
VEA,1
VEEV,0
VEU,1
VFF,0
VFL,0
NAD,0
NAII,0
NAMI,0
NBIS,0
NCA,0
NCDL,0
NCLH,0
NCPL,0
NDLS,0
NEGG,0
NFLX,0
NHI,0
NKSH,0
NL,0
NMAI,0
NMRK,0
NMS,0
NNOX,0
RA,0
RBKB,0
RCG,0
RCL,0
RDAG,0
RDIB,0
RDVT,0
RDW,0
SBET,0
SBH,0
SBUX,0
SCD,0
SCHD,1
SCHX,1
SCI,0
SNDX,0
SNEX,0
SNOW,0
SNY,0
SNYR,0
SOLV,0
SOS,0
SPCB,0
SPDN,1
SPEG,0
SVV,0
SWAG,0
SWIM,0
SXT,0
SY,0
SYF,0
SYM,0
TACH,0
TACO,0
TAP.A,0
VGAS,0
VGSH,1
VGT,1
VHCP,0
VLN,0
REBN,0
REG,0
REI,0
REVB,0
RFAM,0
RGEN,0
RITR,0
RIV,0
TAYD,0
TBBB,0
TBN,0
TBRG,0
TC,0
TCBI,0
TCBX,0
TCI,0
TCRT,0
TCX,0
SCOR,0
SDOT,0
SERA,0
SFWL,0
SPG,0
SPRO,0
SPXC,0
SPY,1
SQFTP,0
SQM,0
SRCE,0
NOVT,0
NPV,0
NRC,0
NRIM,0
NTWK,0
NWG,0
NWPX,0
VNRX,0
VNT,0
VNTG,0
VOO,1
VOR,0
VRAX,0
VRCA,0
VRDN,0
VRSK,0
VRSN,0
VRXA,0
VSAT,0
TBCH,0
TD,0
TDAY,0
TDG,0
TECH,0
TECK,0
TEI,0
RJET,0
RKT,0
RLI,0
RLX,0
RM,0
RMCF,0
RMMZ,0
RMT,0
RNW,0
SRRK,0
SSTK,0
STAK,0
STEM,0
STI,0
STRS,0
SUGP,0
SURG,0
SVAQ,0
TEAM,0
TELA,0
TER,0
THFF,0
TKO,0
TKR,0
NX,0
NXPL,0
O,0
OACC,0
OBTC,0
OCC,0
OCCI,0
ODYS,0
TENB,0
TENX,0
TEVA,0
TGTX,0
TIC,0
TIPT,0
TKLF,0
VSEC,0
VSH,0
VTIP,1
VXF,1
WABC,0
WASH,0
WAY,0
WBD,0
WBS,0
WBTN,0
WDI,0
SGMT,0
SGOV,1
SHIP,0
SHLS,0
SIEB,0
SIF,0
SIM,0
SIMO,0
SINT,0
SITC,0
SKIL,0
RPT,0
RREV,0
RRX,0
RSI,0
RTO,0
RVLV,0
RVTY,0
RXT,0
RY,0
OFLX,0
OGN,0
OIS,0
OKLO,0
OLMA,0
OM,0
ON,0
ONCO,0
ONCY,0
ONIT,0
OPBK,0
OPCH,0
SVC,0
SVCC,0
SVM,0
SWX,0
SYK,0
SYPR,0
TAC,0
TAN,1
TAVI,0
TLN,0
TLSI,0
TMCI,0
TMO,0
TMS,0
TOMZ,0
TOPS,0
TOST,0
TPG,0
TNA,1
TNET,0
TOL,0
TPET,0
TRAD,0
TRLV,0
SKWD,0
SKYA,0
SLE,0
SLG,0
SLM,0
SLN,0
SLQT,0
SLXN,0
SMBK,0
TBI,0
TCOM,0
TDF,0
TDWD,0
TQQQ,1
TRAW,0
TRNO,0
TROO,0
TRT,0
TRVG,0
TRX,0
RYAN,0
RYDE,0
RYN,0
SABR,0
SAC,0
SAGU,0
SBCF,0
SBGI,0
SCAG,0
OPRX,0
OPY,0
ORIC,0
ORISF,0
ORRF,0
OSBC,0
OSK,0
OVID,0
OVLY,0
OWL,0
SMMT,0
SMTC,0
SNDL,0
SNFCA,0
SNWV,0
SOHU,0
SOXQ,1
WDS,0
WGO,0
WHK,0
WHLRD,0
WKSP,0
WLCOU,0
WLYB,0
WOOD,1
WOOF,0
WRAP,0
WRD,0
TRNS,0
TRP,0
TSEM,0
TSLL,1
SCHG,1
SCHL,0
SDA,0
SDHI,0
SEI,0
SENS,0
SGC,0
TV,0
TXN,0
TXNM,0
TXT,0
TYGO,0
TZA,1
UAN,0
UBS,0
TGLS,0
TGNT,0
THW,0
TIGO,0
TME,0
TNL,0
TNON,0
WT,0
WTBA,0
WTF,0
WVVI,0
XAIR,0
XCUR,0
OYSE,0
PAAC,0
PACK,0
PAI,0
PAL,0
PAR,0
TUYA,0
TVIVU,0
TWO,0
TYRA,0
UAA,0
UCB,0
UE,0
SPAI,0
SPNT,0
SPOT,0
SPRU,0
SRFM,0
SRTA,0
SRTS,0
UCAR,0
UFG,0
UGP,0
ULS,0
UMAC,0
UMC,0
UMH,0
USAU,0
XLU,1
XPEL,0
XPL,0
XPO,0
SHEN,0
SILO,0
SJ,0
SKYX,0
SLAB,0
SLGB,0
SLGL,0
SM,0
TNXP,0
TOYO,0
TPST,0
TPVG,0
TRAK,0
TRC,0
TREE,0
TRMB,0
TRNR,0
TRTX,0
PCQ,0
PCTY,0
PCVX,0
PCYO,0
PEBK,0
PFE,0
PFL,0
PG,0
PII,0
UHAL,0
ULCC,0
ULTA,0
UNTY,0
UPBD,0
UPC,0
UPST,0
XWEL,0
XXII,0
YAAS,0
YSS,0
Z,0
ZBRA,0
ZENA,0
ZG,0
SMC,0
SMFG,0
SMP,0
SNAL,0
SNDA,0
SNN,0
SNT,0
SNTI,0
USMV,1
USNA,0
UTF,0
VBIL,1
VC,0
VCEL,0
VCLT,1
SRZN,0
SSBI,0
SSTI,0
STFS,0
STNE,0
STNG,0
STRA,0
STRL,0
STRO,0
STVN,0
VBF,0
VDE,1
VERX,0
VHI,0
VINP,0
TSI,0
TSN,0
TSQ,0
TTAM,0
TTMI,0
TVGN,0
TW,0
TWAV,0
ZTR,0
SO,0
SOC,0
SPCH,1
SPFI,0
SPH,0
SPIB,1
SPKL,0
SPOK,0
VCTR,0
VELO,0
VGI,0
VGM,0
VGZ,0
VIA,0
VIG,1
VIK,0
VITL,0
VLGEA,0
VLUE,1
VMD,0
SU,0
SUI,0
SUNE,0
SVIV,0
SVRE,0
SWZ,0
VIST,0
VIVO,0
VIVS,0
VKTX,0
VNOM,0
VOYA,0
VRRM,0
PK,0
PKE,0
PKG,0
PLGO,0
PMO,0
PN,0
PNBK,0
TWIN,0
TWLV,0
TWN,0
TXG,0
TXMD,0
TYL,0
U,0
SPXU,1
SQNS,0
SRBK,0
SRPT,0
SSEA,0
SSL,0
VMI,0
VNDA,0
VNET,0
VNO,0
VREX,0
VRM,0
VRTX,0
VTRS,0
VTWO,1
VYGR,0
TASK,0
TATT,0
TBLD,0
TBPH,0
TDS.PU,0
TFX,0
VT,1
VTAK,0
VTGN,0
VTV,1
VTVT,0
VYX,0
WCC,0
WDAY,0
PNR,0
PNTG,0
POCI,0
PODC,0
POLA,0
PONY,0
POST,0
PSA,0
UI,0
ULBI,0
UMBF,0
UNFI,0
UNG,0
UONEK,0
UPLD,0
URA,1
SSP,0
SST,0
STAA,0
STEP,0
STKH,0
STRZ,0
STTK,0
STWD,0
STXS,0
SUJA,0
SUNS,0
VYNE,0
WBI,0
WD,0
WDH,0
WEA,0
WEAV,0
WEST,0
WHD,0
WHG,0
TGE,0
TGHL,0
THCH,0
THG,0
TIGR,0
TISI,0
TKNO,0
TMHC,0
URG,0
URGN,0
USFD,0
USLM,0
USPH,0
PSBD,0
PTACU,0
PTLE,0
PTON,0
PW,0
PYLD,0
WFRD,0
WGRX,0
WHF,0
WKC,0
WMT,0
WRBY,0
WSFS,0
SUPN,0
SWK,0
T,0
TALK,0
TAOP,0
TAP,0
TCMD,0
WHLR,0
WHR,0
WHWK,0
WIMI,0
WMS,0
WOK,0
WSTN,0
WTI,0
WW,0
TNDM,0
TOVX,0
TPL,0
TRDA,0
TRGP,0
TRGS,0
TRS,0
TRST,0
UTHR,0
UTSI,0
UTZ,0
VCYT,0
VENU,0
VEON,0
VG,0
Q,0
QLYS,0
QRED,0
QS,0
WSHP,0
WSM,0
WSO.B,0
WTG,0
WTTR,0
WVVIP,0
WWD,0
WY,0
XBIO,0
TCRX,0
TDS.PV,0
TDY,0
TE,0
TELO,0
TEM,0
TEX,0
WYY,0
XAR,1
XEL,0
XES,1
XHR,0
XLB,1
VIR,0
VIRC,0
VMAR,0
VNCE,0
VNQ,1
VO,1
VSXY,0
VTEX,0
TRUG,0
TSLA,0
TT,0
TTAN,0
TTC,0
TTD,0
TTEK,0
QVCAQ,0
RANG,0
RANI,0
RAVE,0
RAYA,0
RCEL,0
RCMT,0
RDN,0
XFLH,0
XLI,1
XLP,1
XLY,1
XOP,1
TFSL,0
THM,0
THQ,0
TIL,0
TLNC,0
TLS,0
TLSA,0
TMC,0
TMUS,0
XOMA,0
XOS,0
XPEV,0
XPRO,0
XYF,0
YMAT,0
VTR,0
VVX,0
VXUS,1
VYM,1
VZ,0
W,0
WAFD,0
WAT,0
WBX,0
TTI,0
TTRX,0
TURB,0
TUSK,0
TVA,0
TVC,0
TVTX,0
TWST,0
TYG,0
UDR,0
UFCS,0
UG,0
RDNW,0
RECT,0
REGN,0
RELL,0
RETO,0
REXR,0
RGNT,0
RGT,0
XRT,1
XSLL,0
XTNT,0
YQ,0
YUMC,0
YXT,0
ZBAO,0
ZDGE,0
TOON,0
TPR,0
TPZ,0
TRI,0
TRIN,0
TRIP,0
TRMK,0
YMM,0
YOU,0
YRD,0
YSG,0
ZEO,0
ZNB,0
WETO,0
WEX,0
WFCF,0
WING,0
WPAC,0
WPM,0
WSBF,0
WSE,0
UHS,0
UNB,0
UNF,0
UPB,0
UPRO,1
UPS,0
URI,0
USCB,0
USDE,0
RIG,0
RIVN,0
RLGT,0
RLJ,0
RMM,0
RNP,0
ROIV,0
ZGN,0
ZH,0
ZION,0
ZKH,0
ZKIN,0
ZSQR,0
TROW,0
TSSI,0
TVRD,0
USGO,0
USIO,0
UVSP,0
UXIN,0
VANI,0
WSO,0
WWR,0
WYFI,0
XE,0
XELA,0
XENE,0
XERS,0
XHB,1
RPM,0
RQI,0
RSVR,0
RTB,0
UAL,0
UBER,0
UFI,0
UGI,0
UHAL.B,0
UHT,0
UIS,0
UNCY,0
VECA,0
VECO,0
VGIT,1
VGK,1
VGNT,0
VIDA,0
VIRT,0
XLE,1
XLF,1
XLV,1
XPON,0
SACH,0
SAFX,0
SAIH,0
SB,0
SBEV,0
SBSI,0
SCHB,1
SCNI,0
SCO,1
UNIT,0
URNM,1
URTH,1
USAC,0
USBC,0
USO,1
UUU,0
VIVK,0
VLY,0
VNME,0
VOC,0
VOD,0
VONG,1
VRA,0
VRME,0
VSTM,0
VTEB,1
VTIX,0
VTMX,0
XRN,0
XRX,0
YB,0
YCBD,0
YCY,0
YELP,0
SCSC,0
SDST,0
SER,0
SEZL,0
SF,0
SFD,0
SGA,0
VEEE,0
VERU,0
VHC,0
VICI,0
VKI,0
VLRS,0
VLT,0
VMC,0
VTN,0
VTOL,0
VUZI,0
VVOS,0
WAL,0
WATT,0
WAVE,0
WB,0
YHC,0
YINN,1
YTRA,0
YYAI,0
YYGH,0
ZBH,0
ZD,0
ZIONP,0
SH,1
SHC,0
SHOP,0
SHW,0
SI,0
SIGI,0
SITM,0
SJT,0
WEN,0
WGS,0
WHLRP,0
WIW,0
WKHS,0
WMB,0
WNC,0
WNW,0
WOLF,0
WPP,0
ZJYL,0
ZKP,0
ZM,0
ZSTK,0
ZUMZ,0
ZURA,0
VMO,0
VONE,1
VPG,0
VRNS,0
VRT,0
VS,0
VTI,1
VWAV,0
SKM,0
SKY,0
SKYE,0
SKYH,0
SKYW,0
SLB,0
SLDP,0
SLP,0
SLSN,0
SLVM,0
SMG,0
WSR,0
WTS,0
WU,0
WXM,0
XLK,1
VWO,1
WAFU,0
WAI,0
WCN,0
WEC,0
WENN,0
WERN,0
WES,0
WIA,0
WILC,0
SNOA,0
SNXX,1
SONO,0
SOPH,0
SOXL,1
SOXX,1
SPCE,0
XRAY,0
XRPN,0
XTLB,0
XXI,0
YALA,0
WIT,0
WLK,0
WNEB,0
WS,0
WSBK,0
WST,0
WTW,0
XBIT,0
SPCX,0
SPT,0
SPYM,1
SQFT,0
SRV,0
SRXH,0
SSD,0
SSRM,0
YJ,0
YOUL,0
ZEPP,0
ZIM,0
ZNTL,0
ZTG,0
ZTS,0
XCBE,0
XELB,0
XFLT,0
XMAX,0
STHO,0
STT,0
STX,0
SUMA,0
SUPV,0
SWKS,0
ZYBT,0
XPH,1
XTN,1
XYL,0
XZO,0
YDES,0
YORW,0
YPF,0
YSWY,0
YSXT,0
SXI,0
SXTP,0
SYBT,0
SYRE,0
TACT,0
TALO,0
TARA,0
TBBK,0
TCBK,0
TDC,0
ZBIO,0
ZS,0
ZTO,0
ZVIA,0
TDIC,0
TDOC,0
TFC,0
TGT,0
THRY,0
THY,0
TIP,1
TK,0
TLF,0
TLRY,0
TLYS,0
TM,0
TMDE,0
TMDX,0
TNC,0
TONX,0
TPCS,0
TR,0
TRIB,0
TRN,0
TROX,0
TRU,0
TRUP,0
TS,0
TSAT,0
TSLG,1
TSLX,0
TSM,0
TTGT,0
TULP,0
TWG,0
TX,0
UAMY,0
UAVS,0
UBCP,0
UCTT,0
UEIC,0
USA,0
USAR,0
USB,0
UUP,1
VABK,0
VAC,0
VALE,0
VATE,0
VBIO,0
VCIT,1
VCV,0
VEEA,0
VFS,0
VHUB,0
VIOT,0
VIV,0
VKQ,0
VLO,0
VPV,0
VSA,0
VSEE,0
VST,0
VSTD,0
VTS,0
VTSI,0
VXX,1
WAB,0
WALD,0
WDC,0
WDFC,0
WETH,0
WFF,0
WH,0
WINA,0
WK,0
WLDS,0
WLFC,0
WLKP,0
WLY,0
WMG,0
WOR,0
WPC,0
WRLD,0
WSBC,0
WSC,0
WTM,0
WULF,0
WWW,0
WYNN,0
XBI,1
XBP,0
XFOR,0
XLC,1
XLO,0
XLRE,1
XME,1
XP,0
XPER,0
XPOF,0
XTIA,0
YDDL,0
YETI,0
YHGJ,0
YHNA,0
YIBO,0
YUM,0
ZCMD,0
ZIP,0
ZLAB,0
ZVRA,0
ACDC,0
ACET,0
ACH,0
ACLS,0
ACRE,0
ACWI,1
ACXP,0
AD,0
ADAC,0
ADAG,0
ADC,0
ADMA,0
ADT,0
AEFC,0
AEHL,0
AESPU,0
AGM.PF,0
AGPU,0
AHCO,0
AI,0
AIG,0
AIRG,0
AKA,0
AKAM,0
AKO.B,0
ALGS,0
ALMR,0
ALMS,0
ALRM,0
ALSN,0
ALT,0
ALTG,0
ALV,0
AMKR,0
AMRC,0
AMS,0
AMTD,0
ANF,0
ANGH,0
ANGI,0
APOG,0
APPS,0
APRE,0
AQB,0
ARBB,0
ARE,0
ARES,0
ARKO,0
ARR,0
ARTV,0
ARXS,0
ASBP,0
ASGI,0
ASPC,0
ATEC,0
ATKR,0
ATLO,0
ATMU,0
ATOM,0
AUDC,0
AUTL,0
AVAT,0
AVXL,0
AWRE,0
AXR,0
AXTA,0
AZ,0
AZO,0
BAC,0
BALY,0
BANF,0
BARK,0
BBLG,0
BCC,0
BCHT,0
BCSF,0
BDC,0
BEAT,0
BEEM,0
BELFA,0
BETA,0
BFLY,0
BG,0
BGMS,0
BGS,0
BGT,0
BIP,0
BIXI,0
BJRI,0
BKE,0
BKR,0
BKV,0
BLIN,0
BMEA,0
BMRN,0
BMY,0
BNL,0
BNRG,0
BNTC,0
BNZI,0
BOIL,1
BOT,0
BQ,0
BR,0
BRID,0
BRK.B,0
BRLS,0
BRX,0
BTDR,0
BTTC,0
BWIN,0
BXP,0
BYAH,0
BYFC,0
CAE,0
CAG,0
CALC,0
CAMT,0
CANG,0
CASS,0
CBNA,0
CBNK,0
CBRE,0
CBUS,0
CBZ,0
CC,0
CCB,0
CCBG,0
CCD,0
CCM,0
CCS,0
CCXI,0
CDLR,0
CF,0
CFBK,0
CGO,0
CHH,0
CHRD,0
CHYM,0
CI,0
CITR,0
CJMB,0
CLAR,0
CLBK,0
CLDX,0
CLGN,0
CLM,0
CLRB,0
CLYM,0
CMCL,0
CMRE,0
CMS,0
CNCK,0
CNK,0
CNMD,0
CNQ,0
CNS,0
CNVS,0
COPL,0
COR,0
CPF,0
CPHC,0
CPOP,0
CPS,0
CQP,0
CRC,0
CRCT,0
CRESY,0
CRH,0
CRWD,0
CSV,0
CSWC,0
CTAA,0
CTGO,0
CTRE,0
CTRN,0
CV,0
CVNA,0
CXT,0
CYH,0
CYPH,0
CZNC,0
DAN,0
DCX,0
DD,0
DDS,0
DE,0
DKL,0
DLHC,0
DMB,0
DMO,0
DNN,0
DOCS,0
DOX,0
DPZ,0
DRCT,0
DSAC,0
DSGX,0
DSWL,0
DVN,0
DXST,0
EAD,0
EARN,0
EBF,0
EBON,0
EBS,0
ECPG,0
ECVT,0
ED,0
EEM,1
EFR,0
EGBN,0
EGHT,0
EGO,0
EHTH,0
EIC,0
EIM,0
ELDN,0
ELPC,0
ELPW,0
EMB,1
ENGS,0
ENIC,0
ENVA,0
ETN,0
ETON,0
ETV,0
ETW,0
EVAX,0
EVCM,0
EVH,0
EVOX,0
EVRG,0
EXC,0
EXE,0
EXPO,0
FAS,1
FATE,0
FBIO,0
FBLA,0
FCN,0
FEMY,0
FG,0
FINV,0
FINW,0
FITB,0
FIX,0
FLD,0
FLYW,0
FMBH,0
FMFC,0
FOR,0
FOXA,0
FRO,0
FRPH,0
FRPT,0
FSK,0
FTRA.U,0
FTRE,0
FTW,0
FUFU,0
FUL,0
FUN,0
FUND,0
FVCB,0
FVN,0
FVR,0
FWONK,0
FWRD,0
FXI,1
FXNC,0
GCMG,0
GD,0
GDEV,0
GENB,0
GETY,0
GHI,0
GHY,0
GIPR,0
GIS,0
GITS,0
GIW,0
GKOS,0
GLE,0
GNLX,0
GNT,0
GNW,0
GOAI,0
GOOGL,0
GOTU,0
GRAB,0
GRAF,0
GRCE,0
GRDX,0
GRFS,0
GROW,0
GSL,0
GSRVU,0
GSUN,0
GUACU,0
GVH,0
GWAV,0
GWRE,0
GWW,0
HAE,0
HBB,0
HBNB,0
HCAT,0
HDRN,0
HERZ,0
HFRO,0
HHS,0
HIFS,0
HLIT,0
HMC,0
HMH,0
HMN,0
HMY,0
HNNA,0
HOG,0
HPF,0
HQL,0
HTOO,0
HUDI,0
HUN,0
HVII,0
HVT.A,0
HY,0
IBO,0
IBP,0
ICMB,0
IEI,1
IEP,0
IFBD,0
IHD,0
IHT,0
III,0
IIIV,0
IIM,0
IJR,1
IMA,0
IMTX,0
INBS,0
INBX,0
INFY,0
INGR,0
INM,0
INOD,0
INSG,0
INTU,0
INUV,0
IPDN,0
IPEX,0
IPI,0
IPSC,0
IWD,1
IWM,1
IWP,1
IWR,1
JCI,0
JDZG,0
JETS,1
JHS,0
JLS,0
JOF,0
JRSH,0
JSPR,0
KALU,0
KARO,0
KEY,0
KEYS,0
KG,0
KMI,0
KMTS,0
KNDI,0
KNSA,0
KPLT,0
KSPI,0
KT,0
KTB,0
KTWO,0
KULR,0
KWEB,1
KYMR,0
LAES,0
LANV,0
LAR,0
LATA,0
LAUR,0
LBRX,0
LCFY,0
LDP,0
LEE,0
LEN.B,0
LMFA,0
LMRI,0
LNAI,0
LNZA,0
LONA,0
LSBK,0
LSTA,0
LU,0
LULU,0
LUNG,0
LUNR,0
LUV,0
LXRX,0
MARPS,0
MAYS,0
MAZE,0
MB,0
MBOT,0
MBVI,0
MCGA,0
MCRB,0
MCRP,0
MDU,0
MDV,0
MFIN,0
MHK,0
MIND,0
MIST,0
MKDW,0
MLCO,0
MLI,0
MLYS,0
MMT,0
MO,0
MOV,0
MPAA,0
MPV,0
MQY,0
MRBK,0
MRCY,0
MRSH,0
MSA,0
MSB,0
MSBI,0
MTDR,0
MTG,0
MTNB,0
MTR,0
MUJ,0
MUU,1
MVO,0
MVST,0
MWYN,0
MXE,0
MYSZ,0
NA,0
NAGE,0
NAMS,0
NASA,1
NATR,0
NBN,0
NBXG,0
NEA,0
NEN,0
NEOV,0
NEXA,0
NFE,0
NFG,0
NGS,0
NHC,0
NI,0
NIO,0
NIPG,0
NMAX,0
NNI,0
NOC,0
NOEM,0
NOMA,0
NRDY,0
NRGV,0
NRIX,0
NSLR,0
NUTX,0
NUVL,0
NUWE,0
NVAX,0
NVEC,0
NVG,0
NVO,0
NWAX,0
NXP,0
NXRT,0
NXST,0
NXT,0
OCFC,0
OCSL,0
OESX,0
OFAL,0
OHI,0
OI,0
OLB,0
OLED,0
OMC,0
OMCL,0
OMDA,0
ONC,0
ONON,0
OPTU,0
ORKA,0
ORN,0
OSIS,0
OXBR,0
PAG,0
PANW,0
PAPL,0
PAXS,0
PAYC,0
PAYO,0
PBF,0
PBM,0
PBR.A,0
PBYI,0
PCLA,0
PCRX,0
PEB,0
PEN,0
PEO,0
PEPG,0
PERF,0
PFSA,0
PGY,0
PHAR,0
PHAT,0
PHR,0
PINS,0
PLBC,0
PLPC,0
PLTD,1
PLX,0
PMCB,0
PMI,0
PMN,0
PR,0
PRAA,0
PRGS,0
PRI,0
PRK,0
PSLV,0
PTC,0
PUK,0
PYPL,0
QADR,0
QBTS,0
QQQ,1
QSI,0
QTTB,0
QUCY,0
RAPP,0
RARE,0
RBA,0
RCI,0
RCKT,0
RDNT,0
RDWR,0
RDY,0
REE,0
RENX,0
REPL,0
RERE,0
RFMZ,0
RGC,0
RGCO,0
RHLD,0
RICK,0
RIGL,0
RLMD,0
RNAC,0
RNG,0
ROAD,0
ROKU,0
RRC,0
RRGB,0
RS,0
RSSS,0
RUM,0
RVP,0
RVSN,0
RYAAY,0
SABS,0
SAIA,0
SBFG,0
SBS,0
SBXD,0
SCL,0
SCPQ,0
SCYX,0
SDHC,0
SDRL,0
SEER,0
SEIC,0
SEPN,0
SFNC,0
SGOL,1
SGP,0
SGRP,0
SGRY,0
SHBI,0
SHMD,0
SHOE,0
SID,0
SIGA,0
SKYQ,0
SLV,1
SMBC,0
SMJF,0
SMR,0
SMX,0
SN,0
SND,0
SNGX,0
SNX,0
SOBR,0
SON,0
SOR,0
SOUN,0
SPB,0
SPIR,0
SPMO,1
SPYG,1
SPYI,1
SSAC,0
SSB,0
STBA,0
STC,0
STEW,0
STKS,0
STRT,0
STZ,0
SUIG,0
SUNB,0
SUPX,0
SVAC,0
SVRA,0
SWMR,0
SXC,0
SXTC,0
SYY,0
TANH,0
TBLA,0
TDUP,0
TDW,0
TEAD,0
TECX,0
TEL,0
TEN,0
TG,0
TGB,0
TGL,0
TGS,0
THC,0
THH,0
THO,0
TJGC,0
TKC,0
TLK,0
TLT,1
TNGX,0
TNK,0
TOI,0
TOP,0
TOPP,0
TOUR,0
TOWN,0
TPB,0
TPC,0
TREX,0
TRV,0
TSBK,0
TSHA,0
TTWO,0
TVAI,0
TVE,0
TWI,0
TXO,0
TY,0
UAC,0
UBSI,0
UBXG,0
UFPI,0
UL,0
ULH,0
UNH,0
UNM,0
UP,0
USEA,0
UTI,0
UTMD,0
UUUU,0
UVV,0
UVXY,1
V,0
VACI,0
VAL,0
VB,1
VCIG,0
VCSH,1
VEL,0
VERA,0
VERI,0
VFC,0
VIAV,0
VICR,0
VIPS,0
VISN,0
VLTO,0
VOYG,0
VRTS,0
VSME,0
VSNT,0
VSTS,0
VUG,1
VVR,0
VVV,0
WBUY,0
WCT,0
WELL,0
WENC,0
WEYS,0
WF,0
WFC,0
WIX,0
WKEY,0
WLDN,0
WLII,0
WLTH,0
WM,0
WMK,0
WRB,0
WTFC,0
WTRG,0
WVE,0
XCH,0
XHLD,0
XIFR,0
XMTR,0
XNCR,0
XNET,0
XOM,0
YDKG,0
YEXT,0
YI,0
YICCU,0
YOOV,0
ZDAI,0
ZETA,0
ZJK,0
ZONE,0
ZWS,0
ZYME,0
