SYMBOL,first_date,last_date,min_close,min_close_3yr,first_close,max_close,n_rows,vol_early,vol_mid,vol_ratio,is_shell,verdict
AAOI,20140723,20260702,1.5,8.38,21.35,223.1,3004,0.6437,0.6953,0.9257,false,NOT DETECTED
AAPL,19870220,20260702,0.12,0.25,0.27,315.2,9910,0.5303,0.439,1.2078,false,SUBTRACTED
ABNB,20211004,20260702,82.49,82.49,164.5,207.21,1191,0.5394,0.356,1.5154,false,NOT DETECTED
ADBE,19870611,20260702,0.46,0.46,1.03,688.37,9833,0.6535,0.5175,1.2628,false,SUBTRACTED
ADI,19861107,20260702,0.94,1.44,2.79,445.48,9980,0.5054,0.439,1.1513,false,LIKELY_SUBTRACTED
ADM,19861107,20260702,3.99,3.99,4.74,98.22,9981,0.3775,0.2759,1.3682,false,NOT DETECTED
ADP,19861113,20260702,3.35,3.35,3.51,326.81,9977,0.3235,0.2675,1.2095,false,NOT DETECTED
ADSK,19861113,20260702,1.5,1.5,1.53,342.27,9977,0.6481,0.545,1.1893,false,LIKELY_SUBTRACTED
AEM,19861107,20260702,2.81,7.13,19.75,252.19,9980,0.462,0.6207,0.7443,false,NOT DETECTED
AEP,19861107,20260702,17.69,24.75,28.88,138.69,9981,0.2152,0.1462,1.4721,false,NOT DETECTED
AFRM,20211101,20260702,8.91,8.91,152.66,168.52,1171,1.1286,0.7616,1.4819,false,NOT DETECTED
AJG,19861107,20260702,3.47,3.47,7.41,348.77,9981,0.3124,0.2394,1.3049,false,NOT DETECTED
ALNY,20050415,20260702,6.0,7.0,8.11,491.22,5336,0.5752,0.4188,1.3734,false,NOT DETECTED
AMAT,19861119,20260702,0.15,0.15,0.15,723.0,9973,0.6532,0.5786,1.129,false,SUBTRACTED
AMC,20141013,20260702,0.95,97.35,175.4,553.54,2947,0.3385,0.9039,0.3745,false,NOT DETECTED
AMCR,20200401,20260702,36.69,39.2,39.3,67.45,1571,0.2658,0.2252,1.1803,false,NOT DETECTED
AMD,19861107,20260702,1.62,3.56,8.0,580.91,9981,0.5863,0.6456,0.9082,false,NOT DETECTED
AMGN,19861107,20260702,0.34,0.34,0.39,388.16,9981,0.6349,0.4185,1.5168,false,SUBTRACTED
AMZN,19980407,20260702,0.3,0.34,0.36,274.99,7103,1.0293,0.5344,1.9259,false,SUBTRACTED
ANET,20150402,20260702,3.31,3.31,4.13,177.73,2829,0.4023,0.4495,0.8951,false,NOT DETECTED
APH,19921009,20260702,0.08,0.08,0.09,176.32,8483,0.5739,0.3679,1.5598,false,SUBTRACTED
APLD,20030715,20260702,0.01,6.06,45.18,107.28,3891,0.8471,4.6634,0.1817,true,NOT DETECTED
APO,20120210,20260702,10.21,10.21,14.07,178.61,3618,0.3265,0.2539,1.2858,false,NOT DETECTED
APP,20220203,20260702,9.3,9.3,61.31,733.6,1106,0.7809,0.8243,0.9474,false,NOT DETECTED
ARES,20150303,20260702,10.91,10.91,20.32,198.22,2851,0.3563,0.413,0.8628,false,NOT DETECTED
ASML,19991209,20260702,0.09,0.09,32.83,1989.44,6509,1.6955,0.7129,2.3783,false,SUBTRACTED
ASND,20151119,20260702,12.25,12.25,16.78,274.5,2668,0.4498,0.426,1.0558,false,NOT DETECTED
ASTS,20210125,20260702,2.01,2.74,14.85,133.09,1366,1.0029,1.282,0.7823,false,NOT DETECTED
AVGO,20100604,20260702,1.87,1.87,2.08,481.57,4044,0.4049,0.3749,1.0801,false,LIKELY_SUBTRACTED
AXON,20020426,20260702,0.28,0.28,1.54,870.97,6085,0.8869,0.52,1.7055,false,SUBTRACTED
AXP,19861107,20260702,4.61,5.47,8.52,384.89,9980,0.436,0.3745,1.1642,false,NOT DETECTED
B,19871026,20260702,3.61,3.61,4.07,55.63,9737,0.3565,0.3143,1.1343,false,NOT DETECTED
BA,19861107,20260702,7.65,7.65,11.69,440.62,9981,0.2838,0.2706,1.0486,false,NOT DETECTED
BAM,20230929,20260702,28.67,28.67,33.34,63.19,691,0.3013,0.33,0.9132,false,NOT DETECTED
BBBY,20030326,20260702,2.65,8.0,10.4,122.32,5855,0.7454,0.9353,0.797,false,NOT DETECTED
BE,20190516,20260702,2.67,2.67,12.99,345.85,1792,1.1881,0.7876,1.5085,false,NOT DETECTED
BG,20020611,20260702,17.79,17.79,22.35,133.0,6054,0.29,0.3665,0.7914,false,NOT DETECTED
BKNG,20000124,20260702,0.26,0.26,14.39,232.64,6650,1.3406,0.4406,3.043,false,SUBTRACTED
BLK,20000731,20260702,31.82,31.82,33.75,1202.59,6519,0.4079,0.2604,1.5664,false,NOT DETECTED
BMNR,20070829,20260702,4.27,160.0,24000.0,38400.0,2023,75.1622,3.7765,19.9025,true,NOT DETECTED
BSX,19930324,20260702,2.41,2.41,3.63,108.14,8373,0.409,0.5333,0.7669,false,NOT DETECTED
CAT,19861107,20260702,4.66,4.66,4.89,1064.9,9981,0.3586,0.2965,1.2095,false,NOT DETECTED
CDE,19861107,20260702,1.73,147.5,196.25,342.5,9980,0.5008,0.4252,1.1779,false,NOT DETECTED
CDNS,19880509,20260702,1.51,1.51,1.82,416.39,9603,0.43,0.5569,0.7722,false,LIKELY_SUBTRACTED
CEG,20221202,20260702,73.4,73.4,92.04,403.95,897,0.4169,0.5937,0.7022,false,NOT DETECTED
CELH,20071113,20260702,0.01,0.01,0.08,96.11,4625,2.3642,2.0643,1.1453,false,SUBTRACTED
CF,20060602,20260702,2.61,2.61,3.28,137.6,5052,0.5293,0.456,1.1608,false,NOT DETECTED
CHRW,19980810,20260702,3.69,3.69,5.53,200.59,7017,0.5204,0.2788,1.8664,false,NOT DETECTED
CIEN,19971209,20260702,5.09,28.66,202.13,1046.5,7184,1.0612,0.8314,1.2763,false,NOT DETECTED
CIFR,20210927,20260702,0.41,0.41,10.19,29.18,1196,1.3188,1.1532,1.1436,false,SUBTRACTED
CLS,19990505,20260702,2.59,18.47,19.09,472.4,6832,0.7873,0.4724,1.6663,false,NOT DETECTED
CLSK,20190219,20260702,1.05,1.05,42.5,56.8,1852,1.6225,1.0836,1.4973,false,LIKELY_SUBTRACTED
CMCSA,20180821,20260710,22.32,30.37,33.48,57.85,1981,0.3064,0.261,1.1739,false,NOT DETECTED
CME,20041122,20260702,0.18,0.39,2.22,320.31,5341,4.652,1.2887,3.6097,false,SUBTRACTED
CMG,20061127,20260702,0.77,0.77,1.16,68.55,4929,0.5435,0.3652,1.4882,false,LIKELY_SUBTRACTED
CMI,19861107,20260702,3.91,5.13,7.78,727.59,9981,0.3167,0.3296,0.9607,false,NOT DETECTED
COF,19950918,20260702,6.82,6.82,8.61,257.94,7747,0.4184,0.526,0.7954,false,NOT DETECTED
COHR,20180821,20260710,21.15,21.15,46.8,426.89,1981,0.593,0.5858,1.0123,false,NOT DETECTED
COMP,20220125,20260702,1.85,1.85,7.71,13.58,1113,0.9941,0.6342,1.5675,false,NOT DETECTED
COP,19970425,20260702,11.28,11.28,12.37,134.94,7342,0.3252,0.3131,1.0387,false,NOT DETECTED
COST,19990326,20260702,0.14,0.14,1.5,1094.32,5472,15.6516,6.9114,2.2646,false,SUBTRACTED
CPRT,19950512,20260702,0.11,0.11,0.21,63.84,7835,0.6394,0.6566,0.9738,false,SUBTRACTED
CRDO,20221116,20260702,7.35,7.35,14.41,302.52,908,0.6863,0.9621,0.7133,false,NOT DETECTED
CRM,20050414,20260702,3.5,3.5,3.77,367.87,5338,0.4469,0.4318,1.035,false,NOT DETECTED
CROX,20061127,20260702,0.94,0.94,20.89,180.57,4929,1.0221,0.602,1.6979,false,LIKELY_SUBTRACTED
CRWD,20200409,20260702,14.54,14.54,14.54,195.54,1565,0.5513,0.4699,1.1733,false,NOT DETECTED
CSCO,19910104,20260702,0.14,0.14,0.14,130.0,8931,0.4698,0.4113,1.1423,false,SUBTRACTED
CSX,19970424,20260702,1.09,1.15,2.56,48.89,7343,0.2999,0.3903,0.7685,false,NOT DETECTED
CVNA,20180221,20260702,0.74,3.4,4.13,95.69,2102,0.6519,1.5398,0.4233,false,NOT DETECTED
CYTK,20050304,20260702,3.07,18.3,57.0,108.06,5365,0.5584,0.7248,0.7705,false,NOT DETECTED
DASH,20211011,20260702,43.06,43.06,195.3,281.74,1186,0.6889,0.3996,1.7242,false,NOT DETECTED
DDOG,20200713,20260702,62.69,62.69,86.66,277.49,1501,0.6281,0.4527,1.3875,false,NOT DETECTED
DE,19970428,20260702,14.34,14.34,22.38,662.49,7341,0.3626,0.3426,1.0582,false,NOT DETECTED
DELL,20170608,20260702,14.6,14.6,18.23,465.96,2279,0.3269,0.3504,0.9331,false,NOT DETECTED
DHR,19970425,20260702,3.72,3.72,3.72,294.66,7342,0.3247,0.3357,0.9673,false,NOT DETECTED
DIA,19981110,20260702,65.18,82.32,88.15,527.88,6952,0.1967,0.1475,1.3334,false,NOT DETECTED
DIS,19970425,20260702,13.77,23.5,25.75,201.91,7342,0.3638,0.4505,0.8077,false,NOT DETECTED
DKS,20030812,20260702,1.08,1.08,1.99,250.04,5759,0.9759,1.3626,0.7162,false,LIKELY_SUBTRACTED
DLTR,19960605,20260702,2.47,2.47,3.88,174.08,7567,0.4613,0.6986,0.6602,false,NOT DETECTED
DUOL,20220520,20260702,65.38,65.38,76.46,540.68,1032,0.6159,0.6084,1.0123,false,NOT DETECTED
EA,19900806,20260702,0.4,0.4,0.75,205.45,9036,0.629,0.5973,1.053,false,SUBTRACTED
EFA,20020619,20260702,28.81,28.81,38.0,105.66,6047,0.2105,0.1834,1.1479,false,NOT DETECTED
EGO,20030307,20260702,2.64,6.0,6.55,109.0,5866,0.5358,0.8207,0.6528,false,NOT DETECTED
EOG,20001214,20260702,0.05,0.05,0.5,149.89,5671,8.0792,0.8937,9.0397,false,SUBTRACTED
EOSE,20210401,20260702,0.64,0.77,18.14,21.21,1319,1.1602,1.1143,1.0412,false,NOT DETECTED
EQT,19970516,20260702,2.85,2.85,4.03,67.93,7327,0.2567,0.2393,1.0726,false,NOT DETECTED
EQX,20190625,20260702,2.53,4.46,4.95,18.76,1765,0.5306,0.5358,0.9904,false,NOT DETECTED
ET,20070227,20260702,3.32,3.32,8.24,35.24,4868,0.4274,0.2593,1.6481,false,NOT DETECTED
ETN,19861107,20260702,4.88,4.88,6.33,435.78,9981,0.3255,0.2373,1.3716,false,NOT DETECTED
EWJ,19960408,20260702,24.96,30.75,62.0,96.97,7603,0.2499,0.276,0.9054,false,NOT DETECTED
EXC,20010813,20260702,14.39,14.39,19.32,65.35,6258,0.2865,0.2204,1.3002,false,NOT DETECTED
EXE,20220118,20260702,61.2,61.2,67.63,122.89,1118,0.3967,0.2959,1.3405,false,NOT DETECTED
FANG,20130806,20260702,13.21,36.87,39.85,213.69,3246,0.4325,0.3645,1.1865,false,NOT DETECTED
FDX,19861107,20260702,6.01,7.2,13.39,338.75,9981,0.3474,0.3692,0.941,false,NOT DETECTED
FIX,19980423,20260702,1.74,1.9,23.5,2066.51,7092,0.6262,0.6143,1.0194,false,LIKELY_SUBTRACTED
FN,20110516,20260702,9.35,9.35,23.76,746.47,3805,0.6179,0.3975,1.5545,false,NOT DETECTED
FSLR,20070912,20260702,11.77,87.23,98.13,318.25,4731,0.9152,0.8156,1.122,false,NOT DETECTED
FTAI,20160308,20260702,4.84,7.68,8.66,310.04,2595,0.2448,0.6895,0.355,false,NOT DETECTED
FTNT,20101006,20260702,2.41,2.41,2.42,158.98,3958,0.5228,0.3502,1.4927,false,NOT DETECTED
GD,19891023,20260702,2.41,2.41,6.78,373.54,9234,0.4117,0.2039,2.0187,false,LIKELY_SUBTRACTED
GDX,20070313,20260702,12.47,16.37,37.15,115.84,4858,0.6058,0.3207,1.889,false,NOT DETECTED
GDXJ,20100909,20260702,17.09,33.04,126.76,175.76,3977,0.4243,0.5617,0.7553,false,NOT DETECTED
GE,19861107,20260702,14.91,14.91,15.55,377.52,9981,0.339,0.2021,1.6771,false,NOT DETECTED
GFI,19881215,20260702,1.8,7.97,7.97,61.23,9403,0.4701,0.5426,0.8663,false,NOT DETECTED
GH,20190729,20260702,16.07,28.82,92.72,179.1,1741,0.576,0.6107,0.9431,false,NOT DETECTED
GILD,19921118,20260702,0.22,0.22,0.43,155.8,8455,0.6758,0.5926,1.1403,false,SUBTRACTED
GLD,20050913,20260702,44.56,44.56,44.56,495.9,5233,0.2037,0.1704,1.1955,false,NOT DETECTED
GLW,19861107,20260702,1.1,2.95,3.89,255.69,9981,0.3582,0.3095,1.1574,false,NOT DETECTED
GLXY,20180801,20260702,0.43,0.43,1.5,42.86,1978,1.0945,0.8549,1.2803,false,SUBTRACTED
GME,20021209,20260702,0.7,0.95,2.27,86.88,5928,0.5217,0.4999,1.0436,false,LIKELY_SUBTRACTED
GOOG,20050614,20260702,6.44,6.85,6.96,399.04,5295,0.3054,0.2464,1.2392,false,NOT DETECTED
GOOGL,20050614,20260702,6.44,6.85,6.96,402.62,5296,0.3054,0.2464,1.2392,false,NOT DETECTED
GS,20000308,20260702,52.0,59.28,101.75,1106.37,6619,0.5152,0.1854,2.7794,false,NOT DETECTED
HAL,19861107,20260702,4.55,5.47,5.69,74.02,9981,0.4294,0.368,1.1668,false,NOT DETECTED
HIMS,20201001,20260702,3.11,3.11,10.8,68.74,1444,0.7617,0.9503,0.8015,false,NOT DETECTED
HON,19861107,20260702,6.17,6.42,10.13,260.0,9981,0.4365,0.296,1.4748,false,NOT DETECTED
HPE,20160808,20260702,7.83,12.27,16.79,56.15,2489,0.3167,0.3324,0.9528,false,NOT DETECTED
HUT,20190306,20260702,2.03,2.03,4.8,133.02,1840,1.4549,1.0642,1.3671,false,NOT DETECTED
HYG,20080205,20260702,61.64,61.64,97.5,100.82,4631,0.2373,0.0655,3.6212,false,NOT DETECTED
IAG,20030114,20260702,0.98,3.73,4.9,24.57,5904,0.4791,0.676,0.7087,false,NOT DETECTED
IBM,20180821,20260710,90.52,90.52,139.43,329.23,1981,0.327,0.2024,1.6155,false,NOT DETECTED
IEF,20030527,20260702,79.59,79.85,88.87,123.06,5813,0.0694,0.0921,0.7539,false,NOT DETECTED
INDA,20121221,20260702,19.24,19.24,25.63,59.2,3401,0.2356,0.1718,1.3716,false,NOT DETECTED
INSM,20010703,20260702,2.64,3.5,72.0,211.41,6284,1.1921,0.9219,1.293,false,NOT DETECTED
INTC,19970507,20260702,12.08,16.48,19.49,140.94,7334,0.4269,0.5698,0.7492,false,NOT DETECTED
INTU,19940210,20260702,2.27,2.27,3.9,807.39,8149,0.5464,0.7919,0.69,false,NOT DETECTED
IONQ,20211122,20260702,3.1,3.1,23.18,82.09,1156,0.973,1.0765,0.9039,false,NOT DETECTED
IP,19970617,20260702,3.87,31.01,47.11,61.62,7306,0.3697,0.3036,1.2176,false,NOT DETECTED
IREN,20220920,20260702,1.06,1.06,4.06,76.41,949,1.2871,1.0353,1.2433,false,LIKELY_SUBTRACTED
ISRG,20010409,20260702,0.74,0.74,0.87,610.45,6345,0.7759,0.5461,1.4209,false,LIKELY_SUBTRACTED
ITB,20070227,20260702,5.49,5.49,38.48,128.35,4867,0.6953,0.3558,1.9542,false,NOT DETECTED
IWM,20010423,20260702,32.55,32.55,45.8,300.45,6336,0.2396,0.1704,1.4062,false,NOT DETECTED
JBHT,19970527,20260702,2.66,2.72,3.84,290.07,7320,0.5765,0.5494,1.0493,false,NOT DETECTED
JCI,19970424,20260702,5.78,5.78,5.8,148.21,7343,0.2789,0.2975,0.9374,false,NOT DETECTED
JNJ,19970501,20260702,27.88,27.88,29.75,263.04,7338,0.2681,0.2774,0.9666,false,NOT DETECTED
JOBY,20210902,20260702,3.18,3.18,11.93,20.39,1212,0.8196,0.8089,1.0132,false,NOT DETECTED
JPM,20180821,20260710,79.03,79.03,115.32,339.22,1981,0.391,0.2211,1.7682,false,NOT DETECTED
KDP,20180202,20260702,11.06,11.06,14.96,40.08,2114,0.3519,0.1954,1.8004,false,NOT DETECTED
KGC,19970527,20260702,1.22,2.94,17.63,38.07,7313,0.6612,0.7965,0.8302,false,NOT DETECTED
KKR,20110603,20260702,9.92,9.92,16.92,167.07,3792,0.3946,0.3253,1.2129,false,NOT DETECTED
KLAC,19970512,20260702,0.04,0.04,0.77,301.71,7199,7.8659,0.9555,8.2325,false,SUBTRACTED
KMI,20111207,20260702,9.98,28.83,30.42,44.57,3662,0.2003,0.3812,0.5254,false,NOT DETECTED
KO,19970501,20260702,18.54,21.66,31.06,84.14,7338,0.2972,0.2584,1.1504,false,NOT DETECTED
KRE,20070419,20260702,14.68,14.68,47.52,78.78,4832,0.5771,0.2912,1.9819,false,NOT DETECTED
KVYO,20240802,20260702,12.86,12.86,23.91,49.19,480,,,,false,NOT DETECTED
KWEB,20140708,20260702,18.41,28.13,35.73,103.56,3015,0.2889,0.3402,0.8492,false,NOT DETECTED
LIN,19930426,20260702,7.19,7.19,7.69,546.64,8351,0.3012,0.3161,0.953,false,NOT DETECTED
LITE,20160513,20260702,21.71,21.71,23.44,1053.09,2548,0.5274,0.4128,1.2776,false,NOT DETECTED
LLY,19970507,20260702,27.47,43.75,43.75,1229.93,7334,0.3783,0.3046,1.2421,false,NOT DETECTED
LMT,19960111,20260702,16.63,37.06,38.0,676.7,7667,0.2079,0.4044,0.5141,false,NOT DETECTED
LNG,19970428,20260702,0.4,0.56,9.81,296.91,7309,6.3208,0.8861,7.1331,false,LIKELY_SUBTRACTED
LQD,20030620,20260702,81.7,103.29,115.25,139.15,5793,0.0673,0.1612,0.4177,false,NOT DETECTED
LRCX,19970507,20260702,0.29,0.29,1.15,433.33,7334,0.8371,0.7509,1.1148,false,SUBTRACTED
LUNR,20230223,20260702,2.11,2.11,20.3,45.7,842,1.2739,1.1662,1.0923,false,NOT DETECTED
MA,20070328,20260702,10.62,10.62,10.67,598.96,4847,0.5796,0.314,1.8455,false,NOT DETECTED
MAR,19940802,20260702,6.13,6.13,6.34,402.54,8031,0.2526,0.4077,0.6195,false,NOT DETECTED
MARA,20131003,20260702,0.4,21.44,41.76,154.72,3204,0.6311,1.8245,0.3459,false,NOT DETECTED
MCD,19970425,20260702,12.38,22.03,25.56,341.06,7342,0.2987,0.3258,0.9168,false,NOT DETECTED
MCHP,19940203,20260702,1.29,1.29,1.6,102.92,8153,0.5448,0.6874,0.7925,false,LIKELY_SUBTRACTED
MCK,19951009,20260702,16.06,20.56,23.13,995.69,7729,0.2386,0.4647,0.5135,false,NOT DETECTED
MDB,20180913,20260702,63.1,63.1,81.2,585.03,1960,0.646,0.6561,0.9846,false,NOT DETECTED
MDLZ,20130730,20260702,30.52,30.52,31.05,78.36,3251,0.1803,0.1731,1.0417,false,NOT DETECTED
MELI,20080606,20260702,8.28,8.28,44.5,2613.63,4546,0.8387,0.4224,1.9853,false,NOT DETECTED
META,20130313,20260702,22.9,22.9,27.08,790.0,3347,0.4036,0.3121,1.2934,false,NOT DETECTED
MMM,19970516,20260702,28.45,28.45,38.25,216.23,7327,0.2969,0.2645,1.1224,false,NOT DETECTED
MNST,19931005,20260702,0.01,0.01,0.02,97.64,8132,2.7594,1.4046,1.9645,false,SUBTRACTED
MOS,19881230,20260702,5.65,15.0,21.82,160.83,9436,0.2508,0.3482,0.7202,false,NOT DETECTED
MP,20210412,20260702,10.49,13.05,35.15,98.65,1313,0.6487,0.791,0.8202,false,NOT DETECTED
MPC,20120416,20260702,16.62,17.14,20.01,267.21,3574,0.3089,0.2882,1.0717,false,NOT DETECTED
MPWR,20050914,20260702,6.74,7.13,7.13,1689.89,5232,0.5745,0.4249,1.3523,false,NOT DETECTED
MRK,19970501,20260702,20.01,38.34,40.15,132.96,7338,0.3062,0.3069,0.9977,false,NOT DETECTED
MRVL,20010509,20260702,2.88,2.88,6.43,316.43,6324,0.9234,0.4296,2.1496,false,LIKELY_SUBTRACTED
MSFT,19970506,20260702,12.95,12.95,13.2,542.07,7335,0.3703,0.3969,0.9328,false,NOT DETECTED
MSTR,19990423,20260702,0.45,1.13,9.0,473.83,6840,1.4195,0.5829,2.4354,false,LIKELY_SUBTRACTED
MTSI,20130312,20260702,12.6,13.19,16.11,409.68,3348,0.3913,0.6538,0.5985,false,NOT DETECTED
MU,19861107,20260702,0.35,0.35,0.75,1213.56,9969,0.83,0.5676,1.4624,false,SUBTRACTED
MXL,20110119,20260702,4.03,4.03,11.7,128.03,3886,0.5735,0.5061,1.1332,false,NOT DETECTED
NEM,19861107,20260702,12.12,14.48,15.75,131.95,9975,0.5182,0.3092,1.6762,false,NOT DETECTED
NET,20200713,20260702,32.94,32.94,36.75,272.66,1501,0.7487,0.5274,1.4194,false,NOT DETECTED
NFLX,20030423,20260702,0.13,0.13,0.15,133.91,5836,0.7669,0.6068,1.2638,false,SUBTRACTED
NKE,19871130,20260702,0.24,0.24,0.24,177.51,9714,0.3762,0.3482,1.0804,false,SUBTRACTED
NLY,19980805,20260702,14.73,27.25,33.0,84.6,7020,0.3332,0.2557,1.3031,false,NOT DETECTED
NOW,20130501,20260702,7.18,7.18,7.76,234.08,3313,0.4159,0.3389,1.2273,false,NOT DETECTED
NSC,19970501,20260702,12.0,12.75,29.66,325.68,7338,0.3132,0.46,0.6808,false,NOT DETECTED
NTLA,20170303,20260702,6.28,10.43,13.84,176.78,2346,0.7285,0.877,0.8307,false,NOT DETECTED
NTRA,20160427,20260702,7.5,7.5,10.06,279.32,2560,0.5536,0.6464,0.8564,false,NOT DETECTED
NU,20220929,20260702,3.48,3.48,4.44,18.76,942,0.4428,0.4353,1.0172,false,NOT DETECTED
NUE,19970425,20260702,7.5,8.98,11.69,266.35,7342,0.3379,0.463,0.7299,false,NOT DETECTED
NVDA,20000112,20260702,0.06,0.06,0.08,235.74,6657,1.1019,0.624,1.7658,false,SUBTRACTED
NVO,19970430,20260702,0.97,0.97,1.01,146.91,7335,0.3103,0.4283,0.7244,false,LIKELY_SUBTRACTED
NVT,20190320,20260702,12.51,12.51,26.94,184.34,1832,0.4736,0.3122,1.5167,false,NOT DETECTED
NXPI,20110602,20260702,13.68,13.68,26.51,332.67,3793,0.5507,0.3739,1.4728,false,NOT DETECTED
ODFL,19920925,20260702,0.33,0.42,0.68,248.73,8331,0.3776,0.8345,0.4525,false,SUBTRACTED
OKE,19861107,20260702,1.22,1.22,4.13,117.05,9978,0.5675,0.2964,1.9148,false,LIKELY_SUBTRACTED
OKLO,20220518,20260702,5.59,5.59,9.67,174.14,1017,0.5974,1.2068,0.495,false,NOT DETECTED
ON,20010220,20260702,0.91,0.91,6.5,133.93,6378,1.1423,0.4973,2.2971,false,LIKELY_SUBTRACTED
ONDS,20210525,20260702,0.34,0.34,6.78,14.01,1282,0.853,1.3017,0.6553,false,SUBTRACTED
ORCL,19870414,20260702,0.1,0.1,0.13,328.33,9873,0.7697,0.6661,1.1556,false,SUBTRACTED
ORLY,19940217,20260702,0.19,0.19,0.27,107.82,8142,0.4144,0.4966,0.8344,false,SUBTRACTED
OSCR,20211229,20260702,2.15,2.15,7.62,32.18,1131,0.8621,0.7513,1.1474,false,NOT DETECTED
OUST,20210813,20260702,3.24,3.24,97.6,97.6,1226,0.9472,0.9984,0.9488,false,NOT DETECTED
OXY,19970428,20260702,7.38,7.38,10.94,115.74,7341,0.2748,0.2716,1.0118,false,NOT DETECTED
PAAS,19960429,20260702,2.44,4.56,8.94,68.7,7592,0.5312,0.519,1.0235,false,NOT DETECTED
PACB,20110816,20260702,0.91,1.1,5.76,51.15,3741,0.828,0.8194,1.0105,false,LIKELY_SUBTRACTED
PANW,20130520,20260702,6.59,6.59,9.05,352.04,3300,0.398,0.3051,1.3048,false,NOT DETECTED
PATH,20220217,20260702,9.38,10.55,36.57,37.95,1096,0.7314,0.5957,1.2278,false,NOT DETECTED
PAYX,19970625,20260702,9.93,9.93,10.81,159.78,7300,0.4834,0.4333,1.1154,false,NOT DETECTED
PCAR,20040920,20260702,0.14,0.43,1.05,129.48,5397,2.5927,9.9044,0.2618,false,SUBTRACTED
PDD,20190520,20260702,19.03,19.03,20.78,202.82,1790,0.6465,0.5584,1.1578,false,NOT DETECTED
PEP,19861107,20260702,4.31,4.31,4.69,196.12,9980,0.333,0.2839,1.1729,false,NOT DETECTED
PG,20180831,20260710,78.87,78.87,82.95,179.7,1973,0.2704,0.1554,1.74,false,NOT DETECTED
PINS,20200224,20260702,10.92,10.92,21.65,89.15,1598,0.7361,0.4748,1.5504,false,NOT DETECTED
PL,20220217,20260702,1.69,1.69,5.37,51.4,1096,0.6641,0.9666,0.6871,false,LIKELY_SUBTRACTED
PODD,20080310,20260702,2.67,2.67,14.99,352.82,4608,0.9929,0.315,3.1518,false,LIKELY_SUBTRACTED
POET,20090609,20260702,0.77,1.85,4.96,25.0,3723,1.6617,0.8719,1.9059,false,NOT DETECTED
PSX,20130205,20260702,42.09,55.34,61.01,188.28,3372,0.2769,0.2164,1.2794,false,NOT DETECTED
PWR,19990126,20260702,1.82,10.3,15.5,785.24,6900,0.7075,0.6309,1.1214,false,NOT DETECTED
PYPL,20160429,20260702,34.2,34.2,39.18,308.53,2558,0.2474,0.449,0.551,false,NOT DETECTED
QCOM,19921027,20260702,0.71,0.71,0.71,251.02,8474,0.5897,0.5464,1.0793,false,LIKELY_SUBTRACTED
QQQ,20000104,20260702,19.47,19.47,87.42,746.16,6662,0.5726,0.1572,3.6425,false,NOT DETECTED
QUBT,20090707,20260702,0.1,1.2,318.0,368.0,2927,3.114,5.5264,0.5635,true,LIKELY_SUBTRACTED
QXO,20041228,20260702,0.02,2.82,9521.44,19952.8,2505,1.7527,187.2483,0.0094,true,NOT DETECTED
RBLX,20211228,20260702,23.19,23.19,98.74,141.56,1132,0.8094,0.5226,1.5488,false,NOT DETECTED
RDW,20211108,20260702,1.68,1.68,12.23,25.9,1166,0.8538,1.0618,0.8042,false,NOT DETECTED
REGN,19920213,20260702,3.0,3.0,19.75,1201.76,8651,0.7207,0.8226,0.876,false,NOT DETECTED
RGLD,19871203,20260702,0.03,0.5,4.13,304.29,9596,0.8368,2.3794,0.3517,false,SUBTRACTED
RIG,19940329,20260702,0.67,8.38,8.56,161.4,8117,0.2847,0.633,0.4497,false,NOT DETECTED
RIOT,20040722,20260702,0.62,107.0,224.6,3586.04,5362,1.18,1.0764,1.0963,false,NOT DETECTED
RIVN,20220919,20260702,8.4,8.4,37.94,37.94,950,0.7611,0.6665,1.1419,false,NOT DETECTED
RKLB,20210920,20260702,3.53,3.53,14.81,150.23,1201,0.6899,0.8358,0.8254,false,NOT DETECTED
RKT,20210616,20260702,5.48,5.48,17.88,23.44,1267,0.5586,0.5665,0.9861,false,NOT DETECTED
ROKU,20180724,20260702,27.17,27.17,46.91,479.5,1996,0.7977,0.69,1.1561,false,NOT DETECTED
ROP,19970917,20260702,6.94,6.94,16.16,593.81,7239,0.423,0.3795,1.1145,false,NOT DETECTED
ROST,19970428,20260702,1.53,1.53,1.78,240.13,7341,0.4442,0.3991,1.1129,false,LIKELY_SUBTRACTED
RTX,19970424,20260702,10.1,10.1,11.08,212.16,7343,0.2758,0.4147,0.665,false,NOT DETECTED
SAIA,20030709,20260702,4.68,8.67,8.71,605.92,5783,0.4478,0.7379,0.6068,false,NOT DETECTED
SANM,19940209,20260702,1.2,5.72,9.38,353.63,8148,0.5067,0.6414,0.7899,false,NOT DETECTED
SBUX,19930420,20260702,0.58,0.58,0.59,126.06,8354,0.4248,0.491,0.8652,false,LIKELY_SUBTRACTED
SE,20180815,20260702,10.72,10.72,13.42,366.99,1980,0.6131,0.6644,0.9228,false,NOT DETECTED
SEI,20180307,20260702,4.55,4.55,17.03,82.88,2092,0.4666,0.5385,0.8665,false,NOT DETECTED
SEZL,20220215,20260702,0.02,0.02,8.8,183.24,919,10.823,1.1109,9.7429,false,SUBTRACTED
SGI,20041014,20260702,0.98,2.43,3.87,97.99,5463,0.4222,0.7616,0.5543,false,NOT DETECTED
SHAZ,20240424,20260702,1.25,1.25,4930.0,5625.0,150,,,,false,LIKELY_SUBTRACTED
SHOP,20160323,20260702,2.6,2.6,2.62,179.01,2584,0.419,0.6201,0.6757,false,NOT DETECTED
SHW,19970522,20260702,5.81,5.81,9.83,399.71,7322,0.3313,0.3158,1.0492,false,NOT DETECTED
SHY,20030602,20260702,79.33,79.59,82.53,86.8,5808,0.0173,0.0269,0.6442,false,NOT DETECTED
SIMO,20060424,20260702,1.9,1.9,14.39,336.9,5080,0.4929,0.7073,0.6969,false,LIKELY_SUBTRACTED
SLB,19861107,20260702,7.16,7.16,8.41,117.95,9980,0.4033,0.2878,1.4014,false,NOT DETECTED
SLV,20070220,20260702,8.85,8.85,13.79,105.6,4873,0.4307,0.3814,1.1291,false,NOT DETECTED
SMCI,20080117,20260702,0.39,0.39,0.82,118.81,4643,0.6529,0.3687,1.7708,false,SUBTRACTED
SMH,20010309,20260702,6.6,7.75,21.36,668.91,6365,0.6396,0.2226,2.8735,false,NOT DETECTED
SNOW,20210820,20260702,108.56,112.63,266.67,401.89,1221,0.7018,0.5231,1.3418,false,NOT DETECTED
SNPS,19921229,20260702,6.5,6.5,8.44,645.35,8430,0.4549,0.6318,0.7199,false,NOT DETECTED
SOFI,20211122,20260702,4.3,4.3,18.75,32.21,1156,0.7429,0.5741,1.2939,false,NOT DETECTED
SPY,19931215,20260702,43.91,43.91,46.47,759.57,8188,0.0945,0.2073,0.4561,false,NOT DETECTED
SSRM,19970620,20260702,0.75,0.75,3.75,45.7,7299,0.9393,0.711,1.321,false,NOT DETECTED
STRL,19920714,20260702,0.44,1.5,1.75,993.74,7615,0.8674,2.0819,0.4166,false,LIKELY_SUBTRACTED
STX,20031017,20260702,3.11,10.28,29.62,1094.04,5712,0.4709,0.7094,0.6638,false,NOT DETECTED
SYK,19861107,20260702,0.54,0.54,0.67,403.53,9971,0.3525,0.4482,0.7864,false,LIKELY_SUBTRACTED
TAN,20090210,20260702,12.76,24.5,72.1,121.94,4375,0.4927,0.4176,1.18,false,NOT DETECTED
TE,20201231,20260702,0.95,1.43,10.06,16.08,1381,0.6885,1.1238,0.6127,false,NOT DETECTED
TEAM,20161003,20260702,24.05,24.05,29.19,458.13,2450,0.3613,0.5803,0.6226,false,NOT DETECTED
TEL,20080422,20260702,7.44,7.44,35.5,249.0,4578,0.5564,0.2193,2.5372,false,NOT DETECTED
TER,19970530,20260702,2.97,7.81,20.5,483.84,7314,0.723,0.746,0.9691,false,NOT DETECTED
TGTX,19980512,20260702,0.98,7171.88,98437.5,131835.94,6667,1.5245,1.975,0.7719,false,NOT DETECTED
TLT,20030528,20260702,80.65,80.65,93.96,171.57,5812,0.1114,0.1641,0.679,false,NOT DETECTED
TMO,19970509,20260702,11.36,11.36,29.33,667.24,7328,0.4102,0.3528,1.1627,false,NOT DETECTED
TMUS,20140225,20260702,24.57,24.57,30.47,272.83,3107,0.2925,0.2258,1.2956,false,NOT DETECTED
TRGP,20110930,20260702,4.73,28.11,29.75,276.75,3709,0.2347,0.5895,0.3982,false,NOT DETECTED
TRV,19970424,20260702,21.75,21.75,32.31,342.31,7342,0.284,0.3761,0.7552,false,NOT DETECTED
TSLA,20110505,20260702,1.46,1.46,1.76,489.88,3812,0.5204,0.3851,1.3514,false,LIKELY_SUBTRACTED
TSM,19980811,20260702,3.98,4.83,5.68,477.57,7015,0.6917,0.5472,1.264,false,NOT DETECTED
TTWO,19980217,20260702,3.42,3.42,4.75,262.29,7121,0.7271,0.5718,1.2716,false,NOT DETECTED
TWLO,20170421,20260702,23.17,23.17,30.82,443.49,2312,0.6065,0.6941,0.8738,false,NOT DETECTED
TXN,19970425,20260702,8.01,8.01,10.16,332.28,7342,0.6734,0.6329,1.0641,false,NOT DETECTED
UAN,20120203,20260702,6.0,86.9,299.6,307.1,3623,0.3283,0.548,0.599,false,NOT DETECTED
UBER,20200305,20260702,14.82,14.82,32.21,100.1,1590,0.6328,0.3985,1.5881,false,NOT DETECTED
UNH,19970616,20260702,3.91,3.91,6.78,625.25,7304,0.4958,0.2779,1.7839,false,NOT DETECTED
UPS,20000907,20260702,38.3,47.95,54.56,232.11,6492,0.2545,0.1902,1.3382,false,NOT DETECTED
UPST,20211019,20260702,12.1,12.1,367.08,367.08,1180,1.2243,0.8962,1.3661,false,NOT DETECTED
USO,20070309,20260702,17.04,182.88,400.88,939.84,4860,0.4558,0.2838,1.6062,false,NOT DETECTED
V,20090112,20260702,10.61,10.61,13.24,373.31,4395,0.3625,0.2137,1.6964,false,NOT DETECTED
VEEV,20140806,20260702,20.61,20.61,22.65,341.0,2994,0.4167,0.446,0.9342,false,NOT DETECTED
VIAV,20160613,20260702,6.42,6.42,6.78,55.33,2528,0.2882,0.282,1.0221,false,NOT DETECTED
VLO,19970506,20260702,4.19,4.19,8.72,269.44,7323,0.4578,0.4003,1.1438,false,NOT DETECTED
VRT,20190930,20260702,5.57,5.57,10.2,376.23,1689,0.4758,0.599,0.7943,false,NOT DETECTED
VRTX,19920609,20260702,3.38,3.38,4.5,528.04,8569,0.6589,0.5513,1.1952,false,NOT DETECTED
WAB,19960417,20260702,4.16,5.13,5.75,282.45,7595,0.3446,0.4834,0.7129,false,NOT DETECTED
WBD,20230130,20260702,6.71,6.71,14.38,29.98,859,0.5049,0.5185,0.9737,false,NOT DETECTED
WDAY,20130828,20260702,48.9,48.9,74.76,307.21,3230,0.393,0.3589,1.0949,false,NOT DETECTED
WDC,19970425,20260702,1.55,2.13,20.83,746.23,7337,0.7985,0.84,0.9506,false,NOT DETECTED
WELL,19970501,20260702,13.88,13.88,23.38,236.06,7338,0.2356,0.2203,1.0696,false,NOT DETECTED
WMB,19970514,20260702,0.88,19.81,21.88,79.4,7325,0.356,1.3015,0.2735,false,NOT DETECTED
WMT,19970424,20260702,4.52,4.52,4.58,134.2,7342,0.3418,0.305,1.1208,false,NOT DETECTED
WPM,20051027,20260702,2.57,2.59,4.57,165.72,5201,0.535,0.4988,1.0725,false,NOT DETECTED
WULF,20221007,20260702,0.54,0.54,1.36,28.98,936,1.3243,1.1096,1.1936,false,NOT DETECTED
XAR,20121228,20260702,31.4,31.4,31.43,292.74,3371,0.1572,0.1708,0.9206,false,NOT DETECTED
XBI,20061127,20260702,14.43,14.43,16.74,173.99,4929,0.2762,0.2648,1.043,false,NOT DETECTED
XEL,20010720,20260702,5.66,5.66,27.79,83.91,6274,0.6218,0.1518,4.0947,false,NOT DETECTED
XLB,19991122,20260702,8.32,8.32,12.21,53.62,6690,0.2944,0.1673,1.7602,false,NOT DETECTED
XLC,20190507,20260702,40.22,40.22,49.2,120.08,1799,0.2647,0.1827,1.4486,false,NOT DETECTED
XLE,19991103,20260702,9.0,9.0,12.42,62.56,6703,0.2853,0.2217,1.2869,false,NOT DETECTED
XLF,19991117,20260702,5.02,15.1,21.16,56.4,6694,0.2985,0.1214,2.46,false,NOT DETECTED
XLI,19991101,20260702,15.36,18.0,27.41,185.23,6705,0.2579,0.1238,2.0835,false,NOT DETECTED
XLK,19991129,20260702,5.79,5.79,24.05,198.21,6687,0.4514,0.1543,2.9251,false,NOT DETECTED
XLP,19991201,20260702,17.82,18.72,24.81,90.01,6685,0.2283,0.0953,2.3964,false,NOT DETECTED
XLRE,20160811,20260702,25.46,29.4,33.77,51.81,2486,0.1285,0.1895,0.6781,false,NOT DETECTED
XLU,19991102,20260702,7.62,7.62,14.97,47.73,6705,0.2145,0.1288,1.6654,false,NOT DETECTED
XLV,19991122,20260702,21.08,21.1,28.2,163.74,6690,0.2642,0.1228,2.1517,false,NOT DETECTED
XLY,19991109,20260702,8.06,10.51,13.95,124.52,6700,0.3064,0.1309,2.34,false,NOT DETECTED
XOP,20070418,20260702,30.16,92.04,170.52,333.8,4833,0.5829,0.3609,1.6151,false,NOT DETECTED
ZETA,20220406,20260702,4.27,4.27,12.1,36.74,1063,0.6423,0.7552,0.8505,false,NOT DETECTED
ZS,20190206,20260702,39.5,39.5,47.75,368.78,1861,0.622,0.5149,1.2079,false,NOT DETECTED
